u,LL0_Kp_Sdown,LL1_Kp_Sdown,LLm2_Kp_Sdown,LL2_Kp_Sdown,LL0_Km_Sdown,LL1_Km_Sdown,LLm2_Km_Sdown,LL2_Km_Sdown,LL0_Kp_Sup,LL1_Kp_Sup,LLm2_Kp_Sup,LL2_Kp_Sup,LL0_Km_Sup,LL1_Km_Sup,LLm2_Km_Sup,LL2_Km_Sup,fermi_energy
-35.0,-42.37890834730791,-27.598717339143214,-58.71244311316853,52.046469404390045,12.660513187277429,16.5686263169006,-62.0426762848309,51.20415531244522,-40.87350834730783,-26.093317339143223,-57.2070431131685,53.551869404390146,14.165913187277416,18.074026316900625,-60.53727628483089,52.70955531244516,-6.716402075932897
-34.5,-42.11777696302732,-27.377167901893145,-58.68036886908117,51.96083655261304,12.399803787458275,16.34864717495979,-61.94498064293669,51.15622399539171,-40.6123769630273,-25.87176790189315,-57.174968869081226,53.46623655261295,13.905203787458232,17.85404717495975,-60.43958064293668,52.66162399539174,-6.735982057217438
-34.0,-41.85658403297826,-27.15556934747666,-58.64905961074388,51.8759125867287,12.139045902772036,16.128613648900277,-61.847908933719125,51.10898680786398,-40.351184032978324,-25.650169347476695,-57.14365961074391,53.38131258672872,13.64444590277202,17.634013648900257,-60.3425089337191,52.61438680786396,-6.755561722352329
-33.5,-41.59533034353624,-26.933922242168986,-58.61851803026922,51.79170084835388,11.878239849952305,15.908525996600673,-61.751464606260285,51.06244704906138,-40.089930343536324,-25.428522242169002,-57.1131180302692,53.29710084835388,13.38363984995231,17.413925996600657,-60.2460646062603,52.567847049061385,-6.775141196108349
-33.0,-41.3340166831548,-26.712227159903236,-58.58874678888966,51.70820466353928,11.61738595279379,15.68838448417495,-61.65565110673982,51.01660800177875,-39.82861668315482,-25.206827159903256,-57.08334678888971,53.213604663539314,13.122785952793773,17.193784484174987,-60.150251106739844,52.52200800177875,-6.794720603554733
-32.5,-41.07264384238045,-26.49048468219369,-58.55974851621071,51.62542734311204,11.356484542165955,15.468189385984177,-61.56047187791158,50.97147293063022,-39.56724384238045,-24.985084682193705,-57.05434851621069,53.130827343111946,12.861884542165932,16.97358938598421,-60.05507187791154,52.4768729306302,-6.814300070013875
-32.0,-40.81121261385741,-26.268695398047882,-58.531525809456575,51.54337218342164,11.095535956019615,15.247940984639333,-61.46593035858174,50.92704507986125,-39.30581261385739,-24.763295398047866,-57.02612580945656,53.04877218342157,12.600935956019597,16.753340984639326,-59.96053035858176,52.43244507986122,-6.833879721014125
-31.5,-40.549723792319654,-26.04685990386953,-58.5040812327062,51.462042467675474,10.834540539383203,15.027639570996797,-61.37202998309181,50.88332767056232,-39.04432379231972,-24.5414599038695,-56.99868123270624,52.967442467675426,12.339940539383218,16.533039570996763,-59.86662998309177,52.38872767056235,-6.853459682243149
-31.0,-40.28817817457048,-25.82497880335022,-58.47741731611805,51.381441468152964,10.573498644349113,14.80728544414369,-61.278774180806074,50.840323896996125,-38.78277817457046,-24.319578803350183,-56.97201731611807,52.88684146815295,12.078898644349122,16.312685444143682,-59.773374180806044,52.34572389699611,-6.873040079500535
-30.5,-40.02657655944669,-25.603052707347665,-58.45153655514086,51.30157244975976,10.31241063004843,14.586878911370222,-61.18616637561057,50.79803692157509,-38.52117655944667,-24.09765270734767,-56.94613655514091,52.80697244975974,11.817810630048461,16.09227891137022,-59.680766375610574,52.30343692157508,-6.8926210386496205
-30.0,-39.76491974776785,-25.38108223375048,-58.42644140970634,51.22243867568181,10.05127686261094,14.366420288131359,-61.09420998542342,50.756469867734616,-38.25951974776779,-23.8756822337505,-56.92104140970634,52.72783867568177,11.556676862610948,15.871820288131381,-59.5888099854234,52.26186986773465,-6.912202685569779
-29.5,-39.50320854226648,-25.159068007325647,-58.402134303399926,51.144043416424715,9.790097715109612,14.145909897992542,-61.00290842172375,50.71562580941035,-37.997808542266576,-23.653668007325617,-56.896734303399974,52.64944341642473,11.295497715109603,15.651309897992562,-59.4975084217237,52.22102580941036,-6.931785146108003
-29.0,-39.241443747498856,-24.937010659547884,-58.37861762260389,51.066389964522315,9.528873567486954,13.925348072557776,-60.91226508910449,50.67550775484197,-37.73604374749885,-23.431610659547907,-56.87321762260389,52.571789964522324,11.034273567486954,15.430748072557769,-59.40686508910451,52.18090775484197,-6.951368546030476
-28.5,-38.97962616973071,-24.714910828406985,-58.35589371560676,50.98948165911516,9.267604806458086,13.704735151379273,-60.82228338485536,50.6361186204993,-37.47422616973074,-23.209510828406973,-56.850493715606824,52.49488165911518,10.773004806458065,15.210135151379284,-59.31688338485536,52.14151862049934,-6.970953010974443
-28.0,-38.71775661679969,-24.49276915819022,-58.333964891668565,50.913321928598236,9.006291825390637,13.484071481843847,-60.7329666985847,50.59746118693092,-37.21235661679968,-22.987369158190234,-56.828564891668556,52.418721928598345,10.511691825390631,14.989471481843845,-59.2275666985847,52.1028611869309,-6.990538666399798
-27.5,-38.45583589794373,-24.27058629923539,-58.31283342003402,50.83791436834392,8.744935024152184,13.263357419032046,-60.64431841189198,50.55953801953445,-36.950435897943805,-22.765186299235395,-56.80743342003401,52.34331436834391,10.250335024152175,14.768757419032044,-59.13891841189195,52.064938019534544,-7.010125637541606
-27.0,-38.19386482359806,-24.048362907649327,-58.29250152887831,50.763262891608115,8.483534808924553,13.042593325547804,-60.55634189810245,50.522351316133324,-36.68846482359816,-22.542962907649308,-56.78710152887828,52.26866289160819,9.988934808924578,14.547993325547807,-59.05094189810245,52.027751316133354,-7.0297140493623775
-26.5,-37.93184420514951,-23.826099644985945,-58.272971404170725,50.68937204772187,8.222091591974781,12.821779571311321,-60.46904052208131,50.48590258726246,-36.42644420514946,-22.320699644985986,-56.76757140417071,52.1947720477219,9.727491591974763,14.327179571311317,-58.96364052208129,51.9913025872625,-7.049304026505602
-26.0,-37.669774854646626,-23.603797177876412,-58.25424518843685,50.616247770882985,7.9606057913767545,12.600916533310546,-60.38241764014418,50.45019190584509,-36.16437485464665,-22.09839717787636,-56.748845188436846,52.12164777088307,9.46600579137677,14.10631653331054,-58.87701764014424,51.955591905845104,-7.068895693249804
-25.5,-37.40765758445568,-23.381456177600725,-58.236324979395675,50.543899433138186,7.699077830673189,12.380004595304964,-60.29647660008877,50.41521585267064,-35.90225758445568,-21.876056177600756,-56.73092497939568,52.04929943313817,9.204477830673184,13.88540459530495,-58.791076600088815,51.92061585267063,-7.088489173463783
-25.0,-37.14549320685673,-23.159077319592047,-58.21921282844717,50.47234691985228,7.437508138466619,12.159044147473105,-60.21122074136966,50.38096043937095,-35.64009320685664,-21.65367731959199,-56.71381282844712,51.97774691985224,8.942908138466617,13.664444147473086,-58.70582074136957,51.88636043937094,-7.108084590562685
-24.5,-36.88328253357163,-22.936661282853713,-58.202910738982865,50.40165673564007,7.1758971479236475,11.938035585996925,-60.126653395443086,50.347365000922444,-35.3778825335716,-21.431261282853708,-56.697510738982885,51.90705673563998,8.681297147923644,13.443435585996955,-58.621253395443034,51.85276500092244,-7.12768206746503
-24.0,-36.62102637521681,-22.714208749275304,-58.18742066449618,50.33241630918038,6.914245296174381,11.71697931257438,-60.04277788630188,50.313847889241266,-35.115626375216756,-21.20880874927525,-56.6820206644962,51.83781630918034,8.419645296174375,13.222379312574395,-58.53737788630184,51.81924788924127,-7.147281726550434
-23.5,-36.35872554067473,-22.49172040281303,-58.17274450648625,50.260899897247484,6.652553023580025,11.495875733851614,-59.959597531202604,50.28414056753206,-34.85332554067479,-20.986320402813032,-56.66734450648632,51.76629989724743,8.157953023580028,13.001275733851609,-58.45419753120256,51.78954056753206,-7.166883689616503
-23.0,-36.096380836382394,-22.269196928497912,-58.15888411218696,50.19296812983089,6.390820772832923,11.274725260768305,-59.877115641545295,50.252388063497484,-34.590980836382386,-20.763796928497893,-56.65348411218696,51.698368129830875,7.8962207728329235,12.780125260768287,-58.3717156415453,51.757788063497465,-7.186488077832485
-22.5,-35.83399306553942,-22.046639011195957,-58.145841272250564,50.12535461617898,6.129048987825152,11.053528307807941,-59.795335523761786,50.22186236154343,-34.328593065539366,-20.541239011195955,-56.64044127225055,51.63075461617902,7.634448987825146,12.558928307807948,-58.289935523761784,51.72726236154345,-7.2060950116854015
-22.0,-35.571563027244665,-21.824047333985288,-58.133617718731784,50.05844417437169,5.867238112170475,10.83228529214139,-59.71426047983426,50.1921841713061,-34.0661630272446,-20.318647333985318,-56.62821771873174,51.56384417437172,7.372638112170484,12.337685292141378,-58.20886047983423,51.6975841713061,-7.225704610907421
-21.5,-35.30909151556257,-21.601422575856972,-58.1222151242099,49.992290706984356,5.605388587127255,10.610996632618791,-59.63389380654298,50.163305049799774,-33.80369151556259,-20.09602257585693,-56.61681512420998,51.49769070698443,7.110788587127249,12.116396632618788,-58.128493806542956,51.66870504979978,-7.245316994364838
-21.0,-35.046579318444714,-21.378765408032315,-58.111635104019456,49.92691147522575,5.343500848299836,10.389662748448584,-59.55423879130747,50.13521312449246,-33.54117931844472,-19.873365408032303,-56.60623510401948,51.43231147522582,6.848900848299848,11.895062748448584,-58.04883879130751,51.64061312449246,-7.264932279866233
-20.5,-34.78402721609543,-21.156076487021338,-58.10187922628622,49.862314875596454,5.081575319426013,10.168284056942076,-59.47529869950973,50.10790531247652,-33.27862721609545,-19.650676487021315,-56.59647922628615,51.367714875596434,6.586975319426016,11.673684056942076,-57.96989869950975,51.61330531247653,-7.284550583797651
-20.0,-34.52143597692834,-20.933356438867452,-58.092949041439546,49.79850632886597,4.819612398115287,9.946860968005732,-59.39707674043634,50.0813814238231,-33.01603597692834,-19.427956438867447,-56.587549041439516,51.30390632886591,6.32501239811529,11.452260968005746,-57.89167674043632,51.5867814238231,-7.304172020376081
-19.5,-34.25880634315254,-20.710605816085785,-58.08484616232504,49.73549013845919,4.557612416072835,9.725393866205023,-59.31957597688586,50.055642285498344,-32.753406343152484,-19.20520581608582,-56.57944616232497,51.240890138459136,6.0630124160728265,11.230793866205001,-57.81417597688588,51.56104228549834,-7.323796700006492
-19.0,-33.99613896915804,-20.487824955451092,-58.07757248724667,49.6732703711178,4.295575504756825,9.503883040123174,-59.242799071717165,50.03068880937883,-32.490738969158045,-18.982424955451055,-56.57217248724671,51.17867037111781,5.800975504756827,11.00928304012319,-57.73739907171707,51.53608880937882,-7.3434247253471145
-18.5,-33.73343411144643,-20.265013390318593,-58.071130886649854,49.61185171466253,4.033501028729011,9.28232834613676,-59.166747483271884,50.00652094301151,-32.2280341114464,-18.7596133903186,-56.565730886649895,51.1172517146625,5.53890102872901,10.787728346136754,-57.66134748327176,51.511920943011496,-7.363056180794794
-18.0,-33.47067085081909,-20.042159848919756,-58.06545543187817,49.55112014382473,3.76565724633169,9.054038720895903,-59.08608303634944,49.98557204509428,-31.95837121841251,-18.528688133980822,-56.56373530506342,51.050462892665664,5.276871828531754,10.566201069595895,-57.585959780218026,51.48839889327716,-7.381515443824566
-17.5,-33.207887407956775,-19.81928807117399,-58.06064960368577,49.491280770249205,3.5034843534026767,8.832366237947275,-59.011526411873334,49.96305275166704,-31.69558375750608,-18.305807537175934,-56.559009425407616,50.99066612164943,5.0147381403763465,10.344570396435783,-57.51136537931269,51.46581980622196,-7.401161591886629
-17.0,-32.94506673389128,-19.596386989843488,-58.05666663946407,49.432242555405516,3.2412745953266198,8.610649926679876,-58.93771814649553,49.941334104799175,-31.432763097219944,-18.082901394026397,-56.555118622092934,50.93167706393184,4.752570792743985,10.122898746042035,-57.43750702292062,51.444035876695736,-7.420813399349889
-16.5,-32.682208650021835,-19.373456461957854,-58.0535027485085,49.37400669122332,2.979027530851238,8.388889411238745,-58.86466619542796,49.92041951142255,-31.169910006511568,-17.85997040243427,-56.552064043042144,50.87349806008078,4.490370265715928,9.901186572147067,-57.36438782981739,51.42304949465698,-7.440471435791517
-16.0,-32.41931263970702,-19.1504960495551,-58.05115153483074,49.31657393008205,2.716742392764871,8.167084022274834,-58.79238100727021,49.90031269774703,-30.907025220518225,-17.63701523075414,-56.54984673199572,50.81613143560169,4.228137012860074,9.679434302482187,-57.29201094627134,51.40286298320964,-7.460136418994635
-15.5,-31.743630432060645,-18.514714073656798,-57.63719939307352,49.67333648721864,-9.015534145566019,1.9550435641969166,-60.69223613666308,47.156665759622555,-24.65235685390719,-8.660694315936883,-53.61601638879047,53.134023200018135,3.5530282041777865,9.044800281803372,-57.633220757373046,50.97062872348213,-8.83811423075145
-15.0,-31.473723398479294,-18.283590309695377,-57.640488215314384,49.61129562843468,-9.277965749094504,1.7331724687439634,-60.629055796607425,47.14676426367678,-24.38929661786734,-8.437561616377751,-53.625249800874265,53.08816638250067,3.284886888617253,8.81615376971241,-57.55694419708711,50.9546048180732,-8.857763682736127
-14.5,-31.210754877434404,-18.060573395876922,-57.64079705196967,49.55637382113258,-9.540503482691792,1.5111185425445417,-60.566711673091014,47.13759072860208,-24.126209091593644,-8.214405239374669,-53.63532943537229,53.04315025103933,3.022543990883352,8.59426570140175,-57.48681069536745,50.9368762435503,-8.87745436103323
-14.0,-30.947758146856145,-17.83753538468318,-57.64194730753499,49.50227346584448,-9.803070378981385,1.2890309059322043,-60.50514462559492,47.129241119512855,-23.86309750873221,-7.991232946901317,-53.646258372448656,52.998975185302996,2.7601713188907726,8.372340742084704,-57.41743134888776,50.91995698330692,-8.89715166294135
-13.5,-24.692941612854653,-8.86085815869469,-54.7507819715585,51.8629303014502,-10.478033003417831,0.6545599735928532,-60.85707541380851,46.709054289734176,-23.18754161285471,-7.3554581586946775,-53.245381971558515,53.36833030145028,-8.972633003417828,2.159959973592866,-59.35167541380842,48.21445428973427,-8.916745581056258
-13.0,-24.429521964042976,-8.637492051743767,-54.76329348632521,51.820540713413614,-10.740931807035157,0.43212292249750656,-60.797148649355925,46.702250490866184,-22.924121964043,-7.132092051743785,-53.25789348632521,53.32594071341361,-9.235531807035162,1.937522922497505,-59.29174864935596,48.20765049086613,-8.936511929389464
-12.5,-24.166245747227144,-8.41421358858841,-54.776729883851964,51.77893304715809,-11.003683127647058,0.20983051512399992,-60.73795491269518,46.69634514143908,-22.66084574722714,-6.908813588588409,-53.271329883852005,53.284333047158135,-9.498283127647067,1.7152305151239946,-59.23255491269521,48.201745141439154,-8.956248358117739
-12.0,-23.9030052121012,-8.190958751722095,-54.79104274245655,51.73815019020957,-11.266396611065275,-0.012431645422091627,-60.679530419882795,46.69129460369309,-22.397605212101183,-6.685558751722101,-53.28564274245648,53.243550190209604,-9.760996611065273,1.4929683545779113,-59.17413041988287,48.19669460369312,-8.975977681393683
-11.5,-23.639767898236677,-7.9677070876512115,-54.80621734992197,51.69820613119109,-11.529107104829142,-0.23469862585598278,-60.62188781228387,46.68708664142197,-22.134367898236697,-6.462307087651218,-53.300817349921964,53.20360613119114,-10.023707104829134,1.2707013741440198,-59.11648781228388,48.19248664142197,-8.995707096240173
-11.0,-23.376522372017337,-7.744451315708544,-54.82224836516692,51.659106772249835,-11.791827429591576,-0.4569831427732228,-60.5650331707526,46.68371773023657,-21.871122372017336,-6.239051315708556,-53.31684836516699,53.16450677224987,-10.28642742959159,1.048416857226777,-59.059633170752605,48.18911773023661,-9.015439372650068
-10.5,-23.11326435819382,-7.521188836497502,-54.83913360004658,51.62085523534414,-12.054562661063649,-0.6792902258193111,-60.50897033595542,46.68118727125335,-21.607864358193833,-6.015788836497492,-53.3337336000466,53.126255235344104,-10.549162661063615,0.826109774180689,-59.003570335955395,48.18658727125341,-9.035175748780558
-10.0,-22.84999237484662,-7.297918919515644,-54.85687206289784,51.58345352773961,-12.317314787673837,-0.9016218674066413,-60.453702258311914,46.67949577383435,-21.344592374846588,-5.792518919515661,-53.35147206289786,53.088853527739644,-10.811914787673851,0.6037781325933588,-58.94830225831186,48.18489577383439,-9.054916853594747
-9.5,-22.586706145359724,-7.074641649346134,-54.8754632469985,51.54690314589942,-12.580084444400068,-1.1239787283642517,-60.39923148489836,46.67864419579001,-21.08130614535972,-5.5692416493461305,-53.370063246998455,53.05230314589941,-11.074684444400084,0.38142127163575007,-58.893831484898335,48.18404419578999,-9.074663046873109
-9.0,-22.32340595465826,-6.851357491409976,-54.894906842215285,51.51120531926144,-12.84287162635776,-1.3463608357641568,-60.34556035473593,46.678633676338364,-20.81800595465828,-5.34595749140997,-53.38950684221534,53.01660531926156,-11.337471626357743,0.15903916423584402,-58.8401603547359,48.18403367633849,-9.094414558883859
-8.5,-22.06009236517876,-6.628067098917381,-54.91520260785134,51.47636111719638,-13.10567600674075,-1.5687678939413248,-60.29269108375266,46.6794654183825,-20.554692365178745,-5.122667098917379,-53.40980260785131,52.98176111719638,-11.60027600674076,-0.06336789394132869,-58.787291083752635,48.18486541838246,-9.11417155282907
-8.0,-21.796766082641238,-6.404771221522331,-54.936350312631085,51.44237149915894,-13.368497087940062,-1.791199433099301,-60.24062580415804,46.68114063284301,-20.291366082641208,-4.89937122152234,-53.43095031263105,52.947771499158904,-11.863097087940064,-0.2857994330993022,-58.735225804158055,48.186540632843,-9.133934154731197
-7.5,-21.533427888836837,-6.181470659757214,-54.95834970473826,51.409237339517155,-13.631334277372149,-2.013654884580312,-60.18936658359924,46.683660510707696,-20.02802788883679,-4.676070659757224,-53.45294970473827,52.91463733951718,-12.12593427737216,-0.5082548845803161,-58.68396658359926,48.18906051070772,-9.153702468564687
-7.0,-21.27007860619497,-5.958166241221411,-54.98120049613037,51.37695944041787,-13.894186927368192,-2.2361336209669957,-60.1389154348216,46.687026208209936,-19.76467860619502,-4.452766241221395,-53.47580049613041,52.88235944041788,-12.388786927368177,-0.7307336209669936,-58.63351543482158,48.1924262082099,-9.173476584294793
-6.5,-21.006719078151367,-5.734858807600649,-55.00490235397924,51.345538538726984,-14.15705435709692,-2.4586349784383636,-60.08927432066061,46.69123883853822,-19.501319078151372,-4.2294588076006505,-53.49950235397926,52.85093853872704,-12.651654357096907,-0.9532349784383662,-58.58387432066058,48.196638838538156,-9.193256582348777
-6.0,-20.74335015765944,-5.511549207337679,-55.029454895812975,51.31497530993211,-14.41993586516784,-2.681158269733845,-60.04044515665942,46.696299466925936,-19.237950157659487,-4.00614920733768,-53.52405489581293,52.820375309932096,-12.91453586516785,-1.1757582697338507,-58.53504515665942,48.201699466925966,-9.213042536252765
-5.5,-20.479972699986178,-5.28823829149185,-55.05485768664263,51.28527037044847,-14.682830737271978,-2.903702791821363,-59.99242981245692,46.702209107536625,-18.974572699986194,-3.782838291491858,-53.54945768664263,52.79067037044846,-13.177430737272006,-1.3983027918213682,-58.48702981245691,48.20760910753663,-9.232834514381928
-5.0,-20.216587557754835,-5.064926911922132,-55.08111023716941,51.25642427908979,-14.945738251150422,-3.1262678300259448,-59.94523011254756,46.70896872131716,-18.711187557754847,-3.559526911922119,-53.57571023716943,52.76182427908982,-13.440338251150402,-1.6208678300259367,-58.439830112547575,48.21436872131716,-9.252632581536268
-4.5,-19.953195577088003,-4.841615922781818,-55.10821200257413,51.22843753812416,-15.208657680152767,-3.3488526581276417,-59.89884783674799,46.71657921435606,-18.44779557708802,-3.3362159227818227,-53.60281200257417,52.733837538124114,-13.703257680152785,-1.8434526581276414,-58.39344783674799,48.22197921435613,-9.2724368014673
-4.0,-19.689797594171313,-4.618306192672661,-55.13616238159574,51.201310594166834,-15.471588296108491,-3.571456527384408,-59.853284720573086,46.725041436473376,-18.184397594171326,-3.1129061926726616,-53.63076238159571,52.706710594166836,-13.966188296108506,-2.0660565273844043,-58.347884720573106,48.23044143647329,-9.292247244390584
-3.5,-19.42639443179293,-4.394998681385827,-55.164960715709086,51.1750438390803,-15.734529371941377,-3.794078590740031,-59.80854245566592,46.73435617985948,-17.92099443179293,-2.8895986813858294,-53.65956071570905,52.68044383908031,-14.22912937194138,-2.2886785907400347,-58.30314245566596,48.23975617985945,-9.312064026663602
-3.0,-19.162986895584236,-4.171695884449889,-55.19460628826003,51.149637611013624,-15.997480184246081,-4.0167164591317,-59.7646226903994,46.744524177619994,-17.657586895584217,-2.666295884449882,-53.68920628826002,52.65503761101359,-14.492080184246104,-2.5113164591316957,-58.25922269039946,48.24992417762005,-9.331888034347998
-2.5,-18.899575769929143,-3.9483899665190743,-55.225098323428085,51.125092195716945,-16.26044001576012,-4.239378068970089,-59.72152703077732,46.755546102087806,-17.394175769929184,-2.44298996651908,-53.71969832342811,52.630492195716975,-14.755040015760146,-2.7339780689700968,-58.21612703077733,48.26094610208782,-9.497209042365117
-2.0,-18.636161814264508,-3.7250939668548075,-55.25643598487337,51.101407828284934,-16.523408156843725,-4.462050477638851,-59.67925704178841,46.76742256274465,-17.130761814264517,-2.219693966854809,-53.751035984873376,52.606807828284914,-15.018008156843708,-2.956650477638867,-58.1738570417883,48.27282256274459,-9.74002931724128
-1.5,-18.372745763755457,-3.5018024047474827,-55.28861837388668,51.07858469553235,-16.78638390174036,-4.684739259283673,-59.637814249421886,46.78015410354161,-16.867345763755413,-1.9964024047474802,-53.783218373886655,52.58398469553237,-15.280983901740331,-3.1793392592836813,-58.132414249421856,48.2855541035416,-9.982861580512003
-1.0,-18.10932835694418,-3.278516586233194,-55.32164452678866,51.056622939299686,-17.049366516649336,-4.907443199680198,-59.59720014364882,46.79374119932253,-16.603928356944206,-1.7731165862331946,-53.816244526788644,52.56202293929962,-15.543966516649348,-3.402043199680194,-58.09180014364884,48.29914119932251,-10.225704858164773
-0.5,-17.845910599777472,-3.055237259730868,-55.35551341120628,51.03552266111607,-17.31235496963956,-5.130161642767184,-59.55741618281558,46.80818425091606,-16.34051059977743,-1.54983725973087,-53.85011341120623,52.5409226611161,-15.80695496963959,-3.6247616427671914,-58.05201618281557,48.31358425091605,-10.468558306203386
0.0,-17.58261676788721,-2.831965049463055,-55.390223920660986,51.01528392888668,-17.57522491965569,-5.352894060293272,-59.51846380014143,46.82348357822639,-16.077216767886256,-1.3265650494627905,-53.8848239206609,52.52068392888687,-16.06982491965674,-3.847494060293536,-58.01306380014153,48.328883578226325,-10.711359489975006
0.5,-17.31906889211726,-2.608700474506949,-55.42577486658788,50.99590678663753,-17.838354218249396,-5.5756400372119,-59.4803444134003,46.83963941028375,-15.813668892117306,-1.1033004745069488,-53.920374866587906,52.50130678663754,-16.332954218249384,-4.070240037211904,-57.97494441340035,48.34503941028379,-10.694654464664604
1.0,-17.0556506937209,-2.385443921131385,-55.46216496637758,50.97739126897756,-18.101358955395874,-5.798399305944409,-59.44305943951626,46.85665187058721,-15.550250693720885,-0.8800439211313894,-53.95676496637756,52.48279126897749,-16.595958955395893,-4.292999305944426,-57.937659439516224,48.36205187058726,-10.674324999832647
1.5,-16.792231823547898,-2.1621955895243805,-55.499392825134535,50.959737423002075,-18.364369191439174,-6.021171809674589,-59.40661031691416,46.87452095501267,-15.286831823547889,-0.6567955895243817,-53.99399282513451,52.465137423002055,-16.85896919143922,-4.515771809674591,-57.90121031691415,48.37992095501268,-10.654001816611238
2.0,-16.528812190253717,-1.9389554080394957,-55.53745690727448,50.94294534221731,-18.62738458398595,-6.2439578036896926,-59.37099854041511,46.89324649769332,-15.023412190253707,-0.4335554080394969,-54.032056907274445,52.448345342217316,-17.12198458398596,-4.7385578036897025,-57.865598540415114,48.3986464976933,-10.633684996971699
2.5,-16.265390717031295,-1.7157228959571225,-55.57635549125191,50.92701522043338,-18.890405559573527,-6.466758017493462,-59.33622571697376,46.912828116924935,-14.75999071703131,-0.21032289595712245,-54.07095549125191,52.43241522043334,-17.385005559573525,-4.961358017493463,-57.83082571697381,48.41822811692491,-10.613374367262386
3.0,-16.001965298430356,-1.4924969390496818,-55.616086595426765,50.91194743983859,-19.153433239403583,-6.689573920089379,-59.30229365712077,46.933265126888095,-14.496565298430328,0.012903060950318441,-54.11068659542677,52.417347439838565,-17.648033239403603,-5.184173920089382,-57.79689365712076,48.438665126888154,-10.593069609259853
3.5,-15.7385322608979,-1.2692754112303475,-55.656647852851464,50.89774271963802,-19.41646977991016,-6.912408167601994,-59.26920452969616,46.95455638885028,-14.233132260897909,0.23612458876965106,-54.151247852851476,52.403142719638105,-17.91106977991019,-5.407008167602012,-57.76380452969615,48.45995638885028,-10.572770214249951
4.0,-15.475085354982205,-1.046054513278462,-55.69803629207977,50.884402376259594,-19.679519031255662,-7.135265386386012,-59.2369611332348,46.97670005098322,-13.96968535498219,0.4593454867215456,-54.19263629207974,52.38980237625954,-18.17411903125567,-5.629865386386015,-57.731561133234784,48.482100050983256,-10.5524753706841
4.5,-15.21161390040884,-0.8228275674691898,-55.74024793715833,50.87192879851798,-19.94258775247064,-7.358153601911541,-59.205567392218164,46.99969307380218,-13.706213900408839,0.6825724325308153,-54.23484793715829,52.37732879851798,-18.43718775247065,-5.852753601911545,-57.70016739221817,48.5050930738021,-10.53218375116019
5.0,-14.948099224997588,-0.5995827096389353,-55.783277041090365,50.86032635915734,-20.205687941718473,-7.581086977420845,-59.175029310016015,47.023530320905856,-13.442699224997568,0.9058172903610695,-54.27787704109034,52.365726359157364,-18.700287941718482,-6.075686977420833,-57.66962931001614,48.528930320905914,-10.511893101209207
5.5,-14.684507426219511,-0.37629820479417686,-55.82711452909112,50.84960326862603,-20.468841564922105,-7.80409137817337,-59.14535690836405,47.0482027122503,-13.17910742621951,1.1291017952058278,-54.32171452909108,52.35500326862604,-18.96344156492212,-6.298691378173361,-57.63995690836411,48.55360271225036,-10.491599402196439
6.0,-14.420773589659339,-0.15293224645286418,-55.87174460720002,50.83977561985265,-20.732090846931868,-8.027216500405592,-59.11656846182658,47.073693200224746,-12.915373589659351,1.3524677535471352,-54.36634460719996,52.34517561985264,-19.22669084693192,-6.521816500405624,-57.61116846182661,48.579093200224726,-10.471295045032472
6.5,-14.156764268915236,0.07060126662896417,-55.91713670631416,50.83087701250839,-20.99552269466678,-8.250564703604278,-59.08870057891175,47.09996720859542,-12.651364268915199,1.576001266628967,-54.41173670631409,52.336277012508376,-19.49012269466673,-6.745164703604271,-57.58330057891178,48.605367208595396,-10.450964486259739
7.0,-13.89217795011791,0.29449691472320694,-55.96322413155385,50.8229841056043,-21.259333371829193,-8.474367490018446,-59.06183498062009,47.12694728543374,-12.386777950117889,1.7998969147232007,-54.45782413155389,52.32838410560428,-19.75393337182921,-6.968967490018454,-57.55643498062011,48.63234728543371,-10.430572720068167
7.5,-13.626240332607251,0.5192540022612858,-56.009838773610944,50.816294903558656,-21.524026129560973,-8.699219620947574,-59.0361805781983,47.15443556999748,-12.120840332607255,2.0246540022612893,-54.50443877361097,52.321694903558644,-20.018626129560964,-7.193819620947569,-57.53078057819823,48.65983556999748,-10.410029976777414
8.0,-12.95612260849995,1.1511803767956823,-55.64629259692323,51.22109320694201,-27.78517948523387,-17.680863898102118,-61.79003124173546,44.66657734390233,-0.3819350158357909,8.243098212172042,-52.46871450182067,54.90457463064606,-20.69045997720902,-7.824888044775805,-57.916521792071386,48.277535198059994,-10.390505326637877
8.5,-12.692858662941227,1.3741860700180664,-55.69511032251539,51.215434294419474,-28.048027364093667,-17.903603210848644,-61.77523502596688,44.70661772914261,-0.11877945705313087,8.465974837765678,-52.525617883204795,54.907661048655264,-20.95340374470606,-8.047704193912763,-57.89185133006771,48.30740870655378,-10.370281428426996
9.0,-12.429612245024625,1.5971670729057605,-55.74474362477086,51.210625511896254,-28.310859302738024,-18.126333228671506,-61.76128345272416,44.74749909988725,0.14435511490924757,8.688823233464284,-52.58331744640026,54.91158800629239,-21.21633574972814,-8.27051699796958,-57.86802653224906,48.3381372354468,-10.350064621497102
9.5,-12.166383912168914,1.8201229021261431,-55.79519040727879,51.206665910505464,-28.573674653643266,-18.349053411293344,-61.74817644523142,44.789220094595485,0.4074682062098801,8.911642888623124,-52.64181075926882,54.916354069337835,-21.479255375444705,-8.49332583834737,-57.84504783813474,48.369720003419616,-10.329854875258142
10.0,-11.903174258519432,2.0430530229336745,-55.84644856062895,51.203554455889886,-28.836472726041524,-18.571763162269388,-61.735913840777606,44.83177933138693,0.6705592659238466,9.134433240007212,-52.70109537963644,54.921957720485,-21.74216193890881,-8.71613003672748,-57.82291560145186,48.40215620468713,-10.309652147623456
10.5,-11.639983905841754,2.2659568619318096,-55.89851595516511,51.20129003656941,-29.09925279504231,-18.794461841785274,-61.72449539866355,44.875175400457074,0.933627703545218,9.357193688993886,-52.76116884732973,54.928397369618665,-22.00505470866694,-8.938928872343784,-57.8016300990942,48.43544499988819,-10.28945638909277
11.0,0.10383761336694303,8.48718187993973,-53.91454448994101,53.843111207733145,-29.774691861226163,-19.429753634172688,-62.12677456975261,44.5065217999307,1.6092376133669435,9.992581879939719,-52.40914448994098,55.34851120773312,-28.269291861226208,-17.924353634172682,-60.62137456975263,46.01192179993075,-8.91025801040287
11.5,0.3669812750439552,8.709958984437328,-53.976200257512865,53.851222914157916,-30.03750901333267,-19.65253841884804,-62.11704424419356,44.55159916570217,1.8723812750439592,10.215358984437348,-52.47080025751287,55.35662291415799,-28.532109013332636,-18.147138418848016,-60.61164424419351,46.05699916570217,-8.89007857190203
12.0,0.6300342620886995,8.932662178220003,-54.03863179103434,53.86016203440432,-30.300264361346013,-19.87524988774894,-62.10815549148945,44.59750367559518,2.1354342620887037,10.438062178220012,-52.53323179103439,55.365562034404334,-28.794864361346047,-18.369849887748956,-60.602755491489454,46.10290367559525,-8.869907812830128
12.5,0.8930361569469171,9.15531653316053,-54.10183935816971,53.86992927200355,-30.562982669083464,-20.097923900547887,-62.100109193868064,44.644236344046064,2.398436156946921,10.660716533160516,-52.596439358169704,55.37532927200353,-29.05758266908347,-18.592523900547913,-60.59470919386807,46.149636344046066,-8.849743871800499
13.0,1.1560002245418513,9.377930212883314,-54.16582160005921,53.880523408373826,-30.825671817820933,-20.32057239679082,-62.092905031655704,44.69179674005037,2.6614002245418518,10.883330212883324,-52.66042160005921,55.385923408373834,-29.320271817820938,-18.815172396790793,-60.587505031655716,46.19719674005044,-8.82958608612447
13.5,1.4189315440341597,9.60050617073971,-54.230576501573196,53.89194270171285,-31.088334506467085,-20.54319985661737,-62.08654238575809,44.74018381428452,2.9243315440341635,11.105906170739692,-52.72517650157323,55.3973427017128,-29.582934506466984,-19.037799856617404,-60.58114238575807,46.245583814284544,-8.809434156291623
14.0,1.6818321360870456,9.823045431231826,-54.29610173358996,53.904185226110386,-31.35097152068881,-20.76580796309126,-62.08102053382648,44.78939620495153,3.1872321360870566,11.328445431231819,-52.79070173359,55.40958522611042,-29.845571520688726,-19.260407963091264,-60.57562053382654,46.29479620495155,-8.78928791350211
14.5,1.9447027193800204,10.045548205624675,-54.362394794272134,53.91724896834317,-31.61358283975028,-20.98839720259959,-62.07633869691816,44.83943236796283,3.4501027193800176,11.550948205624705,-52.856994794272104,55.42264896834323,-30.108182839750256,-19.48299720259961,-60.570938696918155,46.344832367962844,-8.769147241609794
15.0,2.2075434018537026,10.268014327790743,-54.42945307447135,53.931131858502006,-31.876168067019428,-21.21096749613737,-62.07249604977405,44.890290638485915,3.712943401853703,11.773414327790737,-52.92405307447142,55.436531858502,-30.370768067019554,-19.705567496137352,-60.567096049774044,46.39569063848597,-8.749012047141825
15.5,2.470353982983821,10.490443443515948,-54.49727389082212,53.94583178033511,-32.138726616069206,-21.43351847613122,-62.06949172187484,44.941969262528815,3.975753982983839,11.995843443515955,-52.99187389082213,55.45123178033516,-30.633326616069258,-19.928118476131228,-60.56409172187486,46.447369262528845,-8.728882246573704
16.0,2.7331340974540916,10.712835099943447,-54.565854503749236,53.961346574928506,-32.40125779816518,-21.656049618458674,-62.06732479642761,44.99446641427809,4.238534097454092,12.218235099943447,-53.06045450374928,55.466746574928436,-30.89585779816524,-20.15064961845865,-60.561924796427604,46.49986641427808,-8.70875776050228
16.5,2.9958832882536757,10.935188790865265,-54.6351921279077,53.97767404214112,-32.66376086633473,-21.878560309892467,-62.06599430919493,45.047780206187,4.501283288253683,12.440588790865274,-53.12979212790765,55.48307404214115,-31.15836086633479,-20.373160309892462,-60.56059430919492,46.553180206187,-8.688638510819393
17.0,3.2586010460484496,11.15750398104044,-54.70528393859653,53.994811941313664,-32.92623503890475,-22.101049884613232,-62.06549924761531,45.101908695167054,4.764001046048446,12.662903981040465,-53.199883938596585,55.50021194131373,-31.420835038904798,-20.595649884613252,-60.56009924761531,46.60730869516713,-8.6685244192824
17.5,3.5212868314488666,11.37978011993825,-54.77612707593081,54.0127579917795,-33.1886795127354,-22.32351764499428,-62.065838550258974,45.156849886591836,5.026686831448856,12.885180119938255,-53.27072707593081,55.518157991779425,-31.68327951273541,-20.81811764499429,-60.56043855025899,46.662249886591816,-8.648415406772713
18.0,3.7839400881550245,11.602016649863167,-54.847718647711524,54.03150987335955,-33.45109347101038,-22.545962873970733,-62.067011106558475,45.2126017370255,5.289340088155021,13.10741664986317,-53.34231864771154,55.53690987335964,-31.945693471010355,-21.0405628739707,-60.561611106558466,46.71800173702554,-8.628311392907838
18.5,4.046560251016379,11.824213010962962,-54.92005573151827,54.051065226896775,-33.71347608802088,-22.768384842703195,-62.069015756748854,45.269162156187186,5.551960251016369,13.329613010962964,-53.41465573151826,55.5564652268968,-32.20807608802093,-21.26298484270319,-60.56361575674883,46.774562156187166,-8.608212295843405
19.0,4.309146751146339,12.046368644432691,-54.99313537632122,54.071421654836364,-33.97582653222071,-22.990782815505817,-62.07185129195905,45.32652900844452,5.814546751146343,13.55176864443269,-53.48773537632124,55.57682165483627,-32.470426532220664,-21.485382815505837,-60.566451291959034,46.83192900844449,-8.588118032179748
19.5,4.5716990192692375,12.268482994638333,-55.06695460379196,54.092576721851614,-34.2381439682516,-23.2131560531276,-62.075516454412316,45.384700114013434,6.077099019269242,13.773882994638333,-53.561554603792,55.59797672185165,-32.732743968251576,-21.70775605312763,-60.570116454412315,46.890100114013464,-8.568028516929196
20.0,4.834216487976731,12.49055551057149,-55.14151040941809,54.11452795550113,-34.500427558333726,-23.43550381501016,-62.08000993770606,45.443673249970686,6.339616487976728,13.995955510571486,-53.63611040941806,55.619927955501176,-32.995027558333746,-21.930103815010153,-60.57460993770605,46.94907324997071,-8.547943663516712
20.5,5.0966985932870825,12.712585646874983,-55.21679976349204,54.13727284691451,-34.76267646325186,-23.6578253608916,-62.08533038715031,45.503446151146896,6.602098593287094,14.21798564687498,-53.71139976349203,55.64267284691468,-33.25727646325186,-22.152425360891623,-60.5799303871503,47.0088461511469,-8.52786338380227
21.0,5.359144775750294,12.934572864587784,-55.292819612013325,54.16080885149464,-35.02488984307781,-23.880119951981154,-62.09147640014871,45.56401651094085,6.864544775750297,14.439972864587768,-53.78741961201333,55.66620885149461,-33.51948984307789,-22.374719951981177,-60.58607640014872,47.069416510940876,-8.507787588115441
21.5,5.621554481248792,13.15651663169809,-55.36956687753393,54.18513338963624,-35.28706685771394,-24.102386851843885,-62.098446526613714,45.62538198208723,7.126954481248796,14.661916631698093,-53.86416687753396,55.69053338963623,-33.781666857713965,-22.596986851843926,-60.59304652661372,47.130781982087235,-8.487716185297568
22.0,5.883927161588462,13.37841642356566,-55.447038459964276,54.21024384745324,-35.54920666731276,-24.324625327086537,-62.106239269407304,45.68754017739032,7.389327161588452,14.883816423565634,-53.94163845996425,55.7156438474532,-34.043806667312715,-22.8192253270865,-60.600839269407295,47.192940177390334,-8.46764908274902
22.5,6.146262274943602,13.600271723247587,-55.52523123734979,54.236137577513176,-35.81130843260876,-24.546834647901843,-62.11485308480346,45.750488670440006,7.6516622749436065,15.105671723247543,-54.01983123734982,55.74153757751314,-34.305908432608796,-23.041434647901827,-60.609453084803405,47.255888670440015,-8.447586186479112
23.0,6.408559286196276,13.822082021757343,-55.6041420666294,54.2628118995782,-36.07337131518648,-24.7690140885128,-62.12428638296794,45.814224996316405,7.913959286196287,15.327482021757339,-54.09874206662926,55.768211899578205,-34.56797131518651,-23.263614088512817,-60.618886382967936,47.319624996316385,-8.42752740115827
23.5,6.670817667199389,14.043846818270124,-55.68376778437767,54.29026410134783,-36.335394477698976,-24.99116292754144,-62.13453752845385,45.87874665228692,8.176217667199385,15.549246818270129,-54.17836778437763,55.795664101347825,-34.82999447769901,-23.485762927541447,-60.62913752845386,47.38414665228687,-8.407472630171029
24.0,6.933036896981819,14.265565620290912,-55.764105207536666,54.31849143920561,-36.59737708404999,-25.213280448322227,-62.14560484071005,45.94405109850262,8.438436896981802,15.770965620290886,-54.25870520753667,55.82389143920548,-35.09197708404978,-23.70788044832224,-60.640204840710005,47.449451098502664,-8.38742177567021
24.5,7.195216461910035,14.487237943789617,-55.845151134138796,54.347491138966156,-36.85931829954681,-25.435365939172048,-62.15748659460198,46.01013575869446,8.70061646191004,15.992637943789637,-54.339751134138865,55.85289113896615,-35.35391829954676,-23.92996593917206,-60.652086594601975,47.51553575869446,-8.367374738631012
25.0,7.457355855816694,14.708863313313902,-55.92690234402207,54.37726039662418,-37.12121729102976,-25.65741869362829,-62.17018102094346,46.07699802086885,8.962755855816704,16.214263313313896,-54.421502344022066,55.88266039662406,-35.61581729102984,-24.152018693628303,-60.664781020943416,47.582398020868865,-8.347331418905805
25.5,7.719454580101259,14.930441262080361,-56.00935559953912,54.407796379103175,-37.38307322698183,-25.879438010658404,-62.183686307038975,46.14463523800812,9.224854580101278,16.435841262080377,-54.50395559953909,55.91319637910319,-35.87767322698185,-24.374038010658477,-60.678286307038974,47.65003523800814,-8.327291715278609
26.0,7.981512143810758,15.151971332050351,-56.09250764626103,54.43909622500376,-37.64488527762249,-26.101423194850558,-62.19800059723524,46.21304472877223,9.486912143810763,16.657371332050342,-54.587107646261025,55.944496225003746,-36.1394852776225,-24.596023194850574,-60.692600597235206,47.7184447287722,-8.307255525519908
26.5,8.243528063702001,15.373453073991705,-56.176355213675194,54.47115704535274,-37.90665261498695,-26.323373556583977,-62.21312199348235,46.28222377820435,9.748928063702,16.8788530739917,-54.67095521367516,55.9765570453527,-36.4012526149869,-24.817973556583965,-60.707721993482316,47.787623778204335,-8.287222746440982
27.0,8.505501864290311,15.5948860475282,-56.26089501587869,54.503975924348836,-38.16837441299452,-26.54528841218737,-62.22904855590303,46.35216963843925,10.010901864290322,17.100286047528215,-54.75549501587866,56.00937592434879,-36.66297441299453,-25.039888412187345,-60.72364855590304,47.85756963843927,-8.267193273948518
27.5,8.767433077885341,15.816269821180187,-56.34612375226613,54.537549920110585,-38.43004984750478,-26.767167084082764,-62.24577830337094,46.42287952941507,10.272833077885346,17.321669821180144,-54.84072375226606,56.04294992011052,-36.9246498475048,-25.261767084082752,-60.7403783033709,47.92827952941503,-8.247167003098706
28.0,9.029321244617305,16.03760397239456,-56.43203810821257,54.5718760654197,-38.691678096365294,-26.989008900919497,-62.26330921409604,46.49435063958885,10.534721244617295,17.543003972394548,-54.926638108212444,56.077276065419625,-37.18627809636527,-25.48360890091952,-60.75790921409601,47.99975063958889,-8.227143828151107
28.5,9.29116591245388,16.258888087568312,-56.518634755751684,54.60695136846437,-38.9532583394494,-27.210813197698755,-62.281639226217834,46.56658012665316,10.79656591245387,17.76428808756829,-55.0132347557517,56.11235136846437,-37.44785833944932,-25.705413197698764,-60.776239226217854,48.071980126653045,-8.207123642622442
29.0,9.552966637210295,16.480121762064645,-56.605910354248074,54.64277281357999,-39.21478975868696,-27.432579315889605,-62.30076623840615,46.63956511825629,11.058366637210291,17.985521762064618,-55.10051035424801,56.148172813579954,-37.709389758686946,-25.92717931588965,-60.79536623840619,48.144965118256295,-8.187106339339678
29.5,9.814722982550595,16.701304600222134,-56.693861551064174,54.67933736198782,-39.47627153808679,-27.654306603537336,-62.32068811046823,46.71330271272612,11.320122982550599,18.206704600222125,-55.188461551064144,56.184737361987935,-37.970871538086776,-26.148906603537352,-60.81528811046823,48.21870271272614,-8.167091810493378
30.0,10.076434519985744,16.922436215358537,-56.78248498222201,54.71664195253024,-39.73770286375217,-27.87599441536554,-62.34140266396222,46.78778997979233,11.581834519985748,18.42783621535857,-55.27708498222195,56.22204195253029,-38.232302863752146,-26.37059441536553,-60.83600266396219,48.29318997979234,-8.147079947689893
30.5,10.338100828863057,17.143516229770007,-56.87177727305886,54.75468350240398,-39.99908292388975,-28.09764211287114,-62.36290768281759,46.86302396131359,11.84350082886306,18.648916229770013,-55.366377273058816,56.26008350240412,-38.49368292388971,-26.592242112871126,-60.857507682817605,48.36842396131353,-8.127070642004036
31.0,10.599721496353416,17.364544274723237,-56.961735038876796,54.79345890789069,-40.26041090881142,-28.31924906441433,-62.385200913960844,46.93900167200408,12.105121496353433,18.869944274723238,-55.45633503887674,56.29885890789064,-38.75501090881142,-26.813849064414313,-60.879800913960835,48.444401672004055,-8.107063784030448
31.5,10.86129611743225,17.585519990445594,-57.05235488558649,54.83296504508202,-40.52168601093087,-28.54081464530237,-62.40828006794657,47.015720100161694,12.366696117432241,19.090919990445624,-55.5469548855864,56.33836504508199,-39.01628601093087,-27.035414645302374,-60.90288006794658,48.52112010016172,-8.087059263935062
32.0,11.122824294856706,17.806443026109648,-57.14363341034391,54.87319877060403,-40.782907424752686,-28.76233823786907,-62.43214281959422,47.09317620839645,12.62822429485673,19.311843026109617,-55.6382334103438,56.37859877060406,-39.27750742475269,-27.256938237869015,-60.92674281959422,48.598576208396445,-8.067056971506155
32.5,11.384305639139592,18.027313039812736,-57.235567202181734,54.91415692233496,-41.04407434685718,-28.983819231548345,-62.45678680862932,47.171366934359064,12.889705639139597,19.53271303981272,-55.73016720218164,56.419556922334976,-39.53867434685727,-27.478419231548372,-60.95138680862928,48.67676693435905,-8.04705679620439
33.0,11.645739768518757,18.24812969855524,-57.32815284263277,54.9558363201206,-41.30518597587794,-29.205257022944323,-62.48220964032939,47.25028919146923,13.151139768518762,19.75352969855526,-55.82275284263273,56.46123632012068,-39.799785975877924,-27.69985702294428,-60.97680964032937,48.75568919146922,-8.02705862721276
33.5,11.907126308923425,18.468892678213297,-57.421386906347166,54.99823376648484,-41.56624151247482,-29.426651015895686,-62.50840888617397,47.329939869643404,13.412526308923429,19.9742926782133,-55.915986906347136,56.50363376648491,-40.06084151247478,-27.921251015895713,-61.00300888617396,48.83533986964334,-8.007062353486145
34.0,12.168464893938017,18.68960166350789,-57.51526596170275,55.04134604733547,-41.827240159300345,-29.648000621537,-62.535382084498394,47.41031583602247,13.673864893938035,20.195001663507895,-56.0098659617028,56.54674604733556,-40.32184015930029,-28.142600621536957,-61.02998208449842,48.91571583602245,-7.98706786379947
34.5,12.42975516476174,18.91025634797257,-57.60978657140774,55.085169932664954,-42.08818112096159,-29.869305258355023,-62.563126741151706,47.49141393569631,13.935155164761744,20.415656347972554,-56.104386571407716,56.59056993266502,-40.582781120961606,-28.363905258355008,-61.05772674115172,48.99681393569629,-7.967075046796634
35.0,12.690996770166372,19.130856433916424,-57.704945293096266,55.12970217724724,-42.349063603975885,-30.090564352240857,-62.59164033015627,47.57323099242972,14.196396770166375,20.636256433916426,-56.19954529309627,56.635102177247255,-40.8436636039759,-28.58516435224081,-61.086240330156286,49.07863099242968,-7.947083791037219
35.5,12.952189366450435,19.351401632384576,-57.800738679916364,55.17493952132708,-42.60988681672106,-30.311777336539222,-62.620920294372134,47.65576380938263,14.457589366450433,20.85680163238455,-56.29533867991645,56.68033952132711,-41.10448681672107,-28.806377336539303,-61.11552029437212,49.161163809382614,-7.927093985044434
36.0,13.213332617392389,19.57189166311632,-57.89716328111123,55.220878691307135,-42.87064996938069,-30.53294365209267,-62.65096404616258,47.739009169832606,14.718732617392392,21.077291663116327,-56.39176328111127,56.726278691307215,-41.36524996938058,-29.027543652092685,-61.14556404616255,49.24440916983257,-7.907105517350148
36.5,13.474426194198662,19.792326254499674,-57.994215642590675,55.26751640042573,-43.131352273883635,-30.754062747283005,-62.681768968062045,47.82296383789054,14.979826194198658,21.297726254499686,-56.488815642590716,56.772916400425814,-41.625952273883584,-29.248662747282975,-61.17636896806203,49.328363837890535,-7.887118276542156
37.0,13.735469775452598,20.012705143524418,-58.09189230749769,55.31484934943192,-43.39199294383828,-30.97513407806799,-62.71333241344674,47.90762455921616,15.240869775452587,21.518105143524398,-56.58649230749763,56.820249349431876,-41.88659294383834,-29.46973407806797,-61.20793241344675,49.413024559216154,-7.867132151307685
37.5,13.99646304705824,20.233028075731433,-58.190189816763755,55.362874227252064,-43.65257119446132,-31.196157108016013,-62.74565170720558,47.99298806173041,15.50186304705823,21.738428075731434,-56.68478981676378,56.868274227251995,-42.147171194461286,-29.690757108016122,-61.240251707205545,49.49838806173042,-7.847147030478941
38.0,14.257405702184034,20.453294805161036,-58.28910470965921,55.411587711651286,-43.91308624250123,-31.41713130833603,-62.77872414641318,48.07905105632273,15.76280570218403,21.95869480516105,-56.78370470965928,56.91698771165132,-42.40768624250109,-29.911731308335995,-61.2733241464132,49.584451056322756,-7.82716280307598
38.5,14.518007098410022,20.67317416888382,-58.388342200659466,55.46103340540748,-44.17350568619805,-31.638027085439507,-62.81254286980846,48.1658057936123,16.02340709840999,22.178574168883802,-56.88294220065955,56.96643340540745,-42.66810568619805,-30.132627085439555,-61.30714286980845,49.671205793612266,-7.8073099935147665
39.0,14.778851576453519,20.89333197893226,-58.48848326487319,55.51111283265064,-44.433893589821224,-31.858903527136167,-62.84711367431081,48.253257889653035,16.284251576453496,22.39873197893225,-56.983083264873144,57.016512832650655,-42.928493589821215,-30.35350352713619,-61.341713674310824,49.758657889653016,-7.787325975341336
39.5,15.03964446189205,21.113432809378793,-58.58923134649746,55.56187084063839,-44.69421585476819,-32.079729514191555,-62.882429334431556,48.34139952197197,16.545044461892026,22.618832809378773,-57.08383134649739,57.067270840638365,-43.18881585476806,-30.574329514191557,-61.37702933443157,49.84679952197192,-7.767342526149753
40.0,15.300403904178792,21.333492892206305,-58.690585702264855,55.61330860571199,-44.95445076677535,-32.3004750627684,-62.91850213337827,48.43018439210231,16.80580390417876,22.838892892206335,-57.18518570226479,57.11870860571203,-43.44905076677539,-30.7950750627684,-61.41310213337824,49.93558439210232,-7.747335579294805
40.5,15.561074371898034,21.553462709936998,-58.7925347089355,55.6654091564236,-45.21466038320808,-32.5212281627973,-62.95528397395053,48.51973797746976,17.06647437189801,23.058862709937028,-57.28713470893554,57.1708091564236,-43.70926038320816,-31.015828162797312,-61.449883973950456,50.025137977469825,-7.727376895449639
41.0,15.821727364475464,21.773406088584327,-58.89508562625444,55.71818680912997,-45.47475881765482,-32.74186931235976,-62.99283151466194,48.60988530358105,17.327127364475448,23.27880608858434,-57.38968562625442,57.22358680912997,-43.96935881765486,-31.236469312359738,-61.48743151466195,50.11528530358108,-7.707370973942137
41.5,16.082294726696908,21.993262305013495,-58.99822459531991,55.77162139045759,-45.73483310586431,-32.962519181288535,-63.03108405142981,48.70079419362116,17.587694726696885,23.498662305013543,-57.49282459531994,57.27702139045761,-44.22943310586422,-31.457119181288615,-61.525684051429785,50.20619419362111,-7.687412227295853
42.0,16.342840475776715,22.21308843856884,-59.10195823800769,55.82572546072863,-45.994792206131294,-33.18305425221135,-63.07009487888364,48.79229043024032,17.848240475776752,23.71848843856887,-57.59655823800767,57.33112546072868,-44.48939220613123,-31.677654252211347,-61.564694878883664,50.297690430240316,-7.667406888217316
42.5,16.60331752872553,22.43284260190915,-59.206275663547686,55.880483980641976,-46.25470396868609,-33.40356707047216,-63.109819539156675,48.88449856608473,18.108717528725485,23.938242601909117,-57.70087566354778,57.385883980641985,-44.74930396868598,-31.898167070472223,-61.604419539156616,50.38989856608476,-7.6474247708733465
43.0,16.863741261375345,22.652538536249043,-59.31117590135296,55.93589743321294,-46.51454474664144,-33.62402618407754,-63.15026893360662,48.97737252476469,18.369141261375358,24.15793853624903,-57.805775901352945,57.441297433212924,-45.009144746641404,-32.11862618407746,-61.64486893360664,50.48277252476467,-7.627442461351059
43.5,17.124111442947633,22.87217608536167,-59.41665550548259,55.99196241525528,-46.77431376775294,-33.8444311499943,-63.19144009806285,49.070908875079986,18.629511442947603,24.37757608536166,-57.91125550548253,57.49736241525522,-45.268913767752935,-32.339031149994284,-61.686040098062854,50.57630887508007,-7.607459853523325
44.0,17.38442784905362,23.09175510069489,-59.522711034285756,56.04867551977807,-47.0340102599033,-34.064781532887274,-63.23333004857595,49.16510417695172,18.889827849053624,24.59715510069487,-58.017311034285726,57.55407551977802,-45.52861025990326,-32.55938153288726,-61.72793004857593,50.67050417695173,-7.5874768419168195
44.5,17.64469026162085,23.31127544130004,-59.62933905083976,56.106033336553665,-47.29363345095846,-34.2850769051141,-63.27593578208113,49.25995498206225,19.150090261620832,24.816675441300024,-58.12393905083979,57.611433336553524,-45.788233450958394,-32.779676905114044,-61.77053578208114,50.76535498206226,-7.567493321746598
45.0,17.904898468818466,23.530736973758557,-59.7365361233784,56.164032452677006,-47.55318256861814,-34.50531684671556,-63.31925427705813,49.35545783448807,19.410298468818475,25.036136973758552,-58.23113612337831,57.669432452677036,-46.04778256861818,-32.999916846715486,-61.81385427705808,50.86085783448809,-7.54750918894851
45.5,18.165052264980094,23.750139572107617,-59.844298825712215,56.222669453116914,-47.8126568402594,-34.725500945404164,-63.363282494188226,49.45160927132762,19.670452264980078,25.2555395721076,-58.3388988257122,57.72806945311695,-46.30725684025943,-33.22010094540418,-61.85788249418826,50.95700927132764,-7.527524340212041
46.0,18.4251514505255,23.969483117763208,-59.95262373764006,56.281940921258844,-48.072055492774204,-34.94562879654862,-63.408017377007795,49.54840582331994,19.930551450525503,25.474883117763174,-58.447223737639995,57.78734092125899,-46.56665549277403,-33.44022879654863,-61.90261737700778,51.05380582331995,-7.507538673011565
46.5,18.685195831882087,24.188767499443475,-60.0615074453518,56.34184343943882,-48.33137775240074,-35.165700003156815,-63.45345585255767,49.645844015457854,20.190595831882057,25.694167499443463,-58.556107445351785,57.847243439438934,-46.82597775240072,-33.660300003156756,-61.948055852557694,51.15124401545788,-7.4875520856373345
47.0,18.945185221402525,24.407992613088872,-60.170946541822595,56.40237358946942,-48.590622844548754,-35.38571417585406,-63.499594832029885,49.743920367593645,20.450585221402548,25.913392613088913,-58.66554654182265,57.90777358946952,-47.08522284454876,-33.880314175854096,-61.994194832029855,51.24932036759366,-7.467564477225785
47.5,19.205119437283994,24.62715836178233,-60.28093762719856,56.46352795315649,-48.84978999361777,-35.605670932860754,-63.546431211408766,49.842631395037195,20.710519437284006,26.132558361782326,-58.77553762719862,57.96892795315649,-47.34438999361782,-34.10027093286074,-62.04103121140874,51.34803139503724,-7.447575747788372
48.0,19.464998303484414,24.846264655668367,-60.39147730917333,56.525303112807265,-49.108878422809404,-35.825569899965586,-63.59396187210953,49.94197360914575,20.970398303484405,26.351664655668372,-58.886077309173366,58.030703112807274,-47.6034784228093,-34.32016989996554,-62.088561872109494,51.44737360914568,-7.427585798240564
48.5,19.72482164963796,25.065311411869757,-60.50256220335656,56.587695651730584,-49.36788735393321,-36.0454107104975,-63.642183681610575,50.04194351790828,21.230221649637983,26.570711411869805,-58.997162203356595,58.09309565173057,-47.86248735393329,-34.540010710497505,-62.13678368161052,51.54734351790833,-7.407594530429773
49.0,19.984589310970456,25.284298554404995,-60.61418893363381,56.650702154727526,-49.626816007206095,-36.2651930052941,-63.691093494082416,50.14253762651907,21.489989310970458,26.789698554404993,-59.10878893363382,58.15610215472753,-48.12141600720609,-34.7597930052941,-62.18569349408246,51.64793762651917,-7.387601847161822
49.5,20.244301128211692,25.503226014104033,-60.72635413251724,56.71431920857299,-49.88566360104479,-36.48491643266848,-63.74068815101151,50.243752437947265,21.74970112821164,27.008626014104056,-59.22095413251723,58.21971920857309,-48.38026360104475,-34.97951643266844,-62.23528815101152,51.74915243794725,-7.367607652228374
50.0,20.50395694750988,25.7220937285224,-60.83905444148881,56.7785434024907,-50.14442935185159,-36.704580648372605,-63.790964481818435,50.34558445349313,22.009356947509897,27.227493728522436,-59.333654441488726,58.283943402490664,-48.63902935185161,-35.19918064837255,-62.28556448181843,51.85098445349308,-7.347611850431333
50.5,20.763556620342335,25.94090164185566,-60.952286511334016,56.84337132861578,-50.40311247379477,-36.9241853155599,-63.841919304471695,50.448030173341486,22.268956620342333,27.446301641855605,-59.44688651133394,58.34877132861575,-48.89771247379472,-35.41878531555994,-62.33651930447169,51.95343017334149,-7.327614347608801
51.0,21.02310000342693,26.159649704852647,-61.06604700246783,56.908799582452204,-50.66171217857966,-37.143730104744186,-63.89354942609558,50.55108609710455,22.528500003426917,27.665049704852642,-59.56064700246777,58.41419958245228,-49.15631217857969,-35.63833010474411,-62.38814942609554,52.056486097104546,-7.307615050658589
51.5,21.282586958633235,26.378337874728373,-61.18033258525217,56.97482476331905,-50.92022767521598,-37.36321469375681,-63.94585164357255,50.65474872435542,22.787986958633212,27.883737874728425,-59.674932585252215,58.4802247633191,-49.414827675215925,-35.85781469375681,-62.44045164357252,52.16014872435545,-7.287613867561786
52.0,21.542017352890067,26.596966115075954,-61.29513994030451,57.041443474789055,-51.1786581697748,-37.58263876770215,-63.99882274414018,50.75901455515516,23.047417352890044,28.102366115075903,-59.7897399403045,58.54684347478915,-49.673258169774755,-36.07723876770207,-62.493422744140204,52.264414555155234,-7.267610707406002
52.5,21.801391058097426,26.815534395777682,-61.41046575879918,57.10865232511802,-51.437002865141885,-37.80200201891036,-64.05245950598197,50.86388009057106,23.30679105809744,28.32093439577767,-59.90506575879911,58.61405232511798,-49.931602865141954,-36.29660201891036,-62.54705950598197,52.36928009057106,-7.2476054804064685
53.0,22.060707951032246,27.034042692916362,-61.526306742759594,57.17644792766555,-51.6952609607608,-38.02130414688899,-64.10675869881223,50.96934183318508,23.56610795103226,28.5394426929164,-60.020906742759465,58.681847927665515,-50.1898609607609,-36.5159041468889,-62.60135869881224,52.47474183318508,-7.227598097928327
53.5,22.31996791325834,27.252490988686294,-61.642659605342224,57.244826901306546,-51.9534316523713,-38.24054485827096,-64.16171708445488,51.07539628759542,23.825367913258308,28.757890988686324,-60.13725960534224,58.75022690130657,-50.448031652371355,-36.73514485827104,-62.65631708445489,52.58079628759541,-7.207588472506352
54.0,22.579170831031682,27.470879271302625,-61.759521071114214,57.3137858708356,-52.21151413173858,-38.45972386676304,-64.21733141741593,51.18203996090798,24.084570831031673,28.97627927130261,-60.254121071114284,58.81918587083559,-50.70611413173863,-36.95432386676303,-62.71193141741589,52.68743996090797,-7.187576517865676
54.5,22.838316595208692,27.689207534911436,-61.876887876319955,57.38332146736003,-52.469507586375634,-38.67884089309036,-64.27359844544942,51.28926936322132,24.343716595208704,29.194607534911462,-60.371487876319925,58.888721467359964,-50.96410758637561,-37.17344089309035,-62.768198445449435,52.794669363221324,-7.16756214894083
