-2.0,"[[-0.699  0.000  0.000  0.000  0.000  0.000  0.000  0.000  0.000  0.000  0.000  0.000  0.000  0.000  0.000  0.000]
 [ 0.000  4.535  0.000  0.000  0.000  0.000  0.000  0.000  0.000  0.000  0.000  0.000  0.000  0.000  0.000  0.000]
 [ 0.000  0.000 -42.456  0.000  0.000  0.000  0.000  0.000  0.000  0.000  0.000  0.000  0.000  0.000  0.000  0.000]
 [ 0.000  0.000  0.000  55.558  0.000  0.000  0.000  0.000  0.000  0.000  0.000  0.000  0.000  0.000  0.000  0.000]
 [ 0.000  0.000  0.000  0.000  1.279  0.000  0.000  0.000  0.000  0.000  0.000  0.000  0.000  0.000  0.000  0.000]
 [ 0.000  0.000  0.000  0.000  0.000  6.171  0.000  0.000  0.000  0.000  0.000  0.000  0.000  0.000  0.000  0.000]
 [ 0.000  0.000  0.000  0.000  0.000  0.000 -42.678  0.000  0.000  0.000  0.000  0.000  0.000  0.000  0.000  0.000]
 [ 0.000  0.000  0.000  0.000  0.000  0.000  0.000  55.478  0.000  0.000  0.000  0.000  0.000  0.000  0.000  0.000]
 [ 0.000  0.000  0.000  0.000  0.000  0.000  0.000  0.000 -0.699  0.000  0.000  0.000  0.000  0.000  0.000  0.000]
 [ 0.000  0.000  0.000  0.000  0.000  0.000  0.000  0.000  0.000  4.535  0.000  0.000  0.000  0.000  0.000  0.000]
 [ 0.000  0.000  0.000  0.000  0.000  0.000  0.000  0.000  0.000  0.000 -42.456  0.000  0.000  0.000  0.000  0.000]
 [ 0.000  0.000  0.000  0.000  0.000  0.000  0.000  0.000  0.000  0.000  0.000  55.558  0.000  0.000  0.000  0.000]
 [ 0.000  0.000  0.000  0.000  0.000  0.000  0.000  0.000  0.000  0.000  0.000  0.000  1.279  0.000  0.000  0.000]
 [ 0.000  0.000  0.000  0.000  0.000  0.000  0.000  0.000  0.000  0.000  0.000  0.000  0.000  6.171  0.000  0.000]
 [ 0.000  0.000  0.000  0.000  0.000  0.000  0.000  0.000  0.000  0.000  0.000  0.000  0.000  0.000 -42.678  0.000]
 [ 0.000  0.000  0.000  0.000  0.000  0.000  0.000  0.000  0.000  0.000  0.000  0.000  0.000  0.000  0.000  55.478]]"
-1.0,"[[-0.205  0.000  0.000  0.000  0.000  0.000  0.000  0.000  0.000  0.000  0.000  0.000  0.000  0.000  0.000  0.000]
 [ 0.000  4.944  0.000  0.000  0.000  0.000  0.000  0.000  0.000  0.000  0.000  0.000  0.000  0.000  0.000  0.000]
 [ 0.000  0.000 -42.507  0.000  0.000  0.000  0.000  0.000  0.000  0.000  0.000  0.000  0.000  0.000  0.000  0.000]
 [ 0.000  0.000  0.000  55.533  0.000  0.000  0.000  0.000  0.000  0.000  0.000  0.000  0.000  0.000  0.000  0.000]
 [ 0.000  0.000  0.000  0.000  0.784  0.000  0.000  0.000  0.000  0.000  0.000  0.000  0.000  0.000  0.000  0.000]
 [ 0.000  0.000  0.000  0.000  0.000  5.762  0.000  0.000  0.000  0.000  0.000  0.000  0.000  0.000  0.000  0.000]
 [ 0.000  0.000  0.000  0.000  0.000  0.000 -42.618  0.000  0.000  0.000  0.000  0.000  0.000  0.000  0.000  0.000]
 [ 0.000  0.000  0.000  0.000  0.000  0.000  0.000  55.494  0.000  0.000  0.000  0.000  0.000  0.000  0.000  0.000]
 [ 0.000  0.000  0.000  0.000  0.000  0.000  0.000  0.000 -0.205  0.000  0.000  0.000  0.000  0.000  0.000  0.000]
 [ 0.000  0.000  0.000  0.000  0.000  0.000  0.000  0.000  0.000  4.944  0.000  0.000  0.000  0.000  0.000  0.000]
 [ 0.000  0.000  0.000  0.000  0.000  0.000  0.000  0.000  0.000  0.000 -42.507  0.000  0.000  0.000  0.000  0.000]
 [ 0.000  0.000  0.000  0.000  0.000  0.000  0.000  0.000  0.000  0.000  0.000  55.533  0.000  0.000  0.000  0.000]
 [ 0.000  0.000  0.000  0.000  0.000  0.000  0.000  0.000  0.000  0.000  0.000  0.000  0.784  0.000  0.000  0.000]
 [ 0.000  0.000  0.000  0.000  0.000  0.000  0.000  0.000  0.000  0.000  0.000  0.000  0.000  5.762  0.000  0.000]
 [ 0.000  0.000  0.000  0.000  0.000  0.000  0.000  0.000  0.000  0.000  0.000  0.000  0.000  0.000 -42.618  0.000]
 [ 0.000  0.000  0.000  0.000  0.000  0.000  0.000  0.000  0.000  0.000  0.000  0.000  0.000  0.000  0.000  55.494]]"
0.0,"[[ 0.290  0.000  0.000  0.000  0.000  0.000  0.000  0.000  0.000  0.000  0.000  0.000  0.000  0.000  0.000  0.000]
 [ 0.000  5.353  0.000  0.000  0.000  0.000  0.000  0.000  0.000  0.000  0.000  0.000  0.000  0.000  0.000  0.000]
 [ 0.000  0.000 -42.561  0.000  0.000  0.000  0.000  0.000  0.000  0.000  0.000  0.000  0.000  0.000  0.000  0.000]
 [ 0.000  0.000  0.000  55.512  0.000  0.000  0.000  0.000  0.000  0.000  0.000  0.000  0.000  0.000  0.000  0.000]
 [ 0.000  0.000  0.000  0.000  0.290  0.000  0.000  0.000  0.000  0.000  0.000  0.000  0.000  0.000  0.000  0.000]
 [ 0.000  0.000  0.000  0.000  0.000  5.353  0.000  0.000  0.000  0.000  0.000  0.000  0.000  0.000  0.000  0.000]
 [ 0.000  0.000  0.000  0.000  0.000  0.000 -42.561  0.000  0.000  0.000  0.000  0.000  0.000  0.000  0.000  0.000]
 [ 0.000  0.000  0.000  0.000  0.000  0.000  0.000  55.512  0.000  0.000  0.000  0.000  0.000  0.000  0.000  0.000]
 [ 0.000  0.000  0.000  0.000  0.000  0.000  0.000  0.000  0.290  0.000  0.000  0.000  0.000  0.000  0.000  0.000]
 [ 0.000  0.000  0.000  0.000  0.000  0.000  0.000  0.000  0.000  5.353  0.000  0.000  0.000  0.000  0.000  0.000]
 [ 0.000  0.000  0.000  0.000  0.000  0.000  0.000  0.000  0.000  0.000 -42.561  0.000  0.000  0.000  0.000  0.000]
 [ 0.000  0.000  0.000  0.000  0.000  0.000  0.000  0.000  0.000  0.000  0.000  55.512  0.000  0.000  0.000  0.000]
 [ 0.000  0.000  0.000  0.000  0.000  0.000  0.000  0.000  0.000  0.000  0.000  0.000  0.290  0.000  0.000  0.000]
 [ 0.000  0.000  0.000  0.000  0.000  0.000  0.000  0.000  0.000  0.000  0.000  0.000  0.000  5.353  0.000  0.000]
 [ 0.000  0.000  0.000  0.000  0.000  0.000  0.000  0.000  0.000  0.000  0.000  0.000  0.000  0.000 -42.561  0.000]
 [ 0.000  0.000  0.000  0.000  0.000  0.000  0.000  0.000  0.000  0.000  0.000  0.000  0.000  0.000  0.000  55.512]]"
1.0,"[[ 0.784  0.000  0.000  0.000  0.000  0.000  0.000  0.000  0.000  0.000  0.000  0.000  0.000  0.000  0.000  0.000]
 [ 0.000  5.762  0.000  0.000  0.000  0.000  0.000  0.000  0.000  0.000  0.000  0.000  0.000  0.000  0.000  0.000]
 [ 0.000  0.000 -42.618  0.000  0.000  0.000  0.000  0.000  0.000  0.000  0.000  0.000  0.000  0.000  0.000  0.000]
 [ 0.000  0.000  0.000  55.494  0.000  0.000  0.000  0.000  0.000  0.000  0.000  0.000  0.000  0.000  0.000  0.000]
 [ 0.000  0.000  0.000  0.000 -0.205  0.000  0.000  0.000  0.000  0.000  0.000  0.000  0.000  0.000  0.000  0.000]
 [ 0.000  0.000  0.000  0.000  0.000  4.944  0.000  0.000  0.000  0.000  0.000  0.000  0.000  0.000  0.000  0.000]
 [ 0.000  0.000  0.000  0.000  0.000  0.000 -42.507  0.000  0.000  0.000  0.000  0.000  0.000  0.000  0.000  0.000]
 [ 0.000  0.000  0.000  0.000  0.000  0.000  0.000  55.533  0.000  0.000  0.000  0.000  0.000  0.000  0.000  0.000]
 [ 0.000  0.000  0.000  0.000  0.000  0.000  0.000  0.000  0.784  0.000  0.000  0.000  0.000  0.000  0.000  0.000]
 [ 0.000  0.000  0.000  0.000  0.000  0.000  0.000  0.000  0.000  5.762  0.000  0.000  0.000  0.000  0.000  0.000]
 [ 0.000  0.000  0.000  0.000  0.000  0.000  0.000  0.000  0.000  0.000 -42.618  0.000  0.000  0.000  0.000  0.000]
 [ 0.000  0.000  0.000  0.000  0.000  0.000  0.000  0.000  0.000  0.000  0.000  55.494  0.000  0.000  0.000  0.000]
 [ 0.000  0.000  0.000  0.000  0.000  0.000  0.000  0.000  0.000  0.000  0.000  0.000 -0.205  0.000  0.000  0.000]
 [ 0.000  0.000  0.000  0.000  0.000  0.000  0.000  0.000  0.000  0.000  0.000  0.000  0.000  4.944  0.000  0.000]
 [ 0.000  0.000  0.000  0.000  0.000  0.000  0.000  0.000  0.000  0.000  0.000  0.000  0.000  0.000 -42.507  0.000]
 [ 0.000  0.000  0.000  0.000  0.000  0.000  0.000  0.000  0.000  0.000  0.000  0.000  0.000  0.000  0.000  55.533]]"
2.0,"[[ 1.279  0.000  0.000  0.000  0.000  0.000  0.000  0.000  0.000  0.000  0.000  0.000  0.000  0.000  0.000  0.000]
 [ 0.000  6.171  0.000  0.000  0.000  0.000  0.000  0.000  0.000  0.000  0.000  0.000  0.000  0.000  0.000  0.000]
 [ 0.000  0.000 -42.678  0.000  0.000  0.000  0.000  0.000  0.000  0.000  0.000  0.000  0.000  0.000  0.000  0.000]
 [ 0.000  0.000  0.000  55.478  0.000  0.000  0.000  0.000  0.000  0.000  0.000  0.000  0.000  0.000  0.000  0.000]
 [ 0.000  0.000  0.000  0.000 -0.699  0.000  0.000  0.000  0.000  0.000  0.000  0.000  0.000  0.000  0.000  0.000]
 [ 0.000  0.000  0.000  0.000  0.000  4.535  0.000  0.000  0.000  0.000  0.000  0.000  0.000  0.000  0.000  0.000]
 [ 0.000  0.000  0.000  0.000  0.000  0.000 -42.456  0.000  0.000  0.000  0.000  0.000  0.000  0.000  0.000  0.000]
 [ 0.000  0.000  0.000  0.000  0.000  0.000  0.000  55.558  0.000  0.000  0.000  0.000  0.000  0.000  0.000  0.000]
 [ 0.000  0.000  0.000  0.000  0.000  0.000  0.000  0.000  1.279  0.000  0.000  0.000  0.000  0.000  0.000  0.000]
 [ 0.000  0.000  0.000  0.000  0.000  0.000  0.000  0.000  0.000  6.171  0.000  0.000  0.000  0.000  0.000  0.000]
 [ 0.000  0.000  0.000  0.000  0.000  0.000  0.000  0.000  0.000  0.000 -42.678  0.000  0.000  0.000  0.000  0.000]
 [ 0.000  0.000  0.000  0.000  0.000  0.000  0.000  0.000  0.000  0.000  0.000  55.478  0.000  0.000  0.000  0.000]
 [ 0.000  0.000  0.000  0.000  0.000  0.000  0.000  0.000  0.000  0.000  0.000  0.000 -0.699  0.000  0.000  0.000]
 [ 0.000  0.000  0.000  0.000  0.000  0.000  0.000  0.000  0.000  0.000  0.000  0.000  0.000  4.535  0.000  0.000]
 [ 0.000  0.000  0.000  0.000  0.000  0.000  0.000  0.000  0.000  0.000  0.000  0.000  0.000  0.000 -42.456  0.000]
 [ 0.000  0.000  0.000  0.000  0.000  0.000  0.000  0.000  0.000  0.000  0.000  0.000  0.000  0.000  0.000  55.558]]"
3.0,"[[ 1.774  0.000  0.000  0.000  0.000  0.000  0.000  0.000  0.000  0.000  0.000  0.000  0.000  0.000  0.000  0.000]
 [ 0.000  6.580  0.000  0.000  0.000  0.000  0.000  0.000  0.000  0.000  0.000  0.000  0.000  0.000  0.000  0.000]
 [ 0.000  0.000 -42.740  0.000  0.000  0.000  0.000  0.000  0.000  0.000  0.000  0.000  0.000  0.000  0.000  0.000]
 [ 0.000  0.000  0.000  55.465  0.000  0.000  0.000  0.000  0.000  0.000  0.000  0.000  0.000  0.000  0.000  0.000]
 [ 0.000  0.000  0.000  0.000 -1.194  0.000  0.000  0.000  0.000  0.000  0.000  0.000  0.000  0.000  0.000  0.000]
 [ 0.000  0.000  0.000  0.000  0.000  4.126  0.000  0.000  0.000  0.000  0.000  0.000  0.000  0.000  0.000  0.000]
 [ 0.000  0.000  0.000  0.000  0.000  0.000 -42.407  0.000  0.000  0.000  0.000  0.000  0.000  0.000  0.000  0.000]
 [ 0.000  0.000  0.000  0.000  0.000  0.000  0.000  55.585  0.000  0.000  0.000  0.000  0.000  0.000  0.000  0.000]
 [ 0.000  0.000  0.000  0.000  0.000  0.000  0.000  0.000  1.774  0.000  0.000  0.000  0.000  0.000  0.000  0.000]
 [ 0.000  0.000  0.000  0.000  0.000  0.000  0.000  0.000  0.000  6.580  0.000  0.000  0.000  0.000  0.000  0.000]
 [ 0.000  0.000  0.000  0.000  0.000  0.000  0.000  0.000  0.000  0.000 -42.740  0.000  0.000  0.000  0.000  0.000]
 [ 0.000  0.000  0.000  0.000  0.000  0.000  0.000  0.000  0.000  0.000  0.000  55.465  0.000  0.000  0.000  0.000]
 [ 0.000  0.000  0.000  0.000  0.000  0.000  0.000  0.000  0.000  0.000  0.000  0.000 -1.194  0.000  0.000  0.000]
 [ 0.000  0.000  0.000  0.000  0.000  0.000  0.000  0.000  0.000  0.000  0.000  0.000  0.000  4.126  0.000  0.000]
 [ 0.000  0.000  0.000  0.000  0.000  0.000  0.000  0.000  0.000  0.000  0.000  0.000  0.000  0.000 -42.407  0.000]
 [ 0.000  0.000  0.000  0.000  0.000  0.000  0.000  0.000  0.000  0.000  0.000  0.000  0.000  0.000  0.000  55.585]]"
4.0,"[[ 2.268  0.000  0.000  0.000  0.000  0.000  0.000  0.000  0.000  0.000  0.000  0.000  0.000  0.000  0.000  0.000]
 [ 0.000  6.989  0.000  0.000  0.000  0.000  0.000  0.000  0.000  0.000  0.000  0.000  0.000  0.000  0.000  0.000]
 [ 0.000  0.000 -42.806  0.000  0.000  0.000  0.000  0.000  0.000  0.000  0.000  0.000  0.000  0.000  0.000  0.000]
 [ 0.000  0.000  0.000  55.455  0.000  0.000  0.000  0.000  0.000  0.000  0.000  0.000  0.000  0.000  0.000  0.000]
 [ 0.000  0.000  0.000  0.000 -1.688  0.000  0.000  0.000  0.000  0.000  0.000  0.000  0.000  0.000  0.000  0.000]
 [ 0.000  0.000  0.000  0.000  0.000  3.717  0.000  0.000  0.000  0.000  0.000  0.000  0.000  0.000  0.000  0.000]
 [ 0.000  0.000  0.000  0.000  0.000  0.000 -42.361  0.000  0.000  0.000  0.000  0.000  0.000  0.000  0.000  0.000]
 [ 0.000  0.000  0.000  0.000  0.000  0.000  0.000  55.614  0.000  0.000  0.000  0.000  0.000  0.000  0.000  0.000]
 [ 0.000  0.000  0.000  0.000  0.000  0.000  0.000  0.000  2.268  0.000  0.000  0.000  0.000  0.000  0.000  0.000]
 [ 0.000  0.000  0.000  0.000  0.000  0.000  0.000  0.000  0.000  6.989  0.000  0.000  0.000  0.000  0.000  0.000]
 [ 0.000  0.000  0.000  0.000  0.000  0.000  0.000  0.000  0.000  0.000 -42.806  0.000  0.000  0.000  0.000  0.000]
 [ 0.000  0.000  0.000  0.000  0.000  0.000  0.000  0.000  0.000  0.000  0.000  55.455  0.000  0.000  0.000  0.000]
 [ 0.000  0.000  0.000  0.000  0.000  0.000  0.000  0.000  0.000  0.000  0.000  0.000 -1.688  0.000  0.000  0.000]
 [ 0.000  0.000  0.000  0.000  0.000  0.000  0.000  0.000  0.000  0.000  0.000  0.000  0.000  3.717  0.000  0.000]
 [ 0.000  0.000  0.000  0.000  0.000  0.000  0.000  0.000  0.000  0.000  0.000  0.000  0.000  0.000 -42.361  0.000]
 [ 0.000  0.000  0.000  0.000  0.000  0.000  0.000  0.000  0.000  0.000  0.000  0.000  0.000  0.000  0.000  55.614]]"
5.0,"[[ 2.763  0.000  0.000  0.000  0.000  0.000  0.000  0.000  0.000  0.000  0.000  0.000  0.000  0.000  0.000  0.000]
 [ 0.000  7.398  0.000  0.000  0.000  0.000  0.000  0.000  0.000  0.000  0.000  0.000  0.000  0.000  0.000  0.000]
 [ 0.000  0.000 -42.874  0.000  0.000  0.000  0.000  0.000  0.000  0.000  0.000  0.000  0.000  0.000  0.000  0.000]
 [ 0.000  0.000  0.000  55.448  0.000  0.000  0.000  0.000  0.000  0.000  0.000  0.000  0.000  0.000  0.000  0.000]
 [ 0.000  0.000  0.000  0.000 -2.183  0.000  0.000  0.000  0.000  0.000  0.000  0.000  0.000  0.000  0.000  0.000]
 [ 0.000  0.000  0.000  0.000  0.000  3.308  0.000  0.000  0.000  0.000  0.000  0.000  0.000  0.000  0.000  0.000]
 [ 0.000  0.000  0.000  0.000  0.000  0.000 -42.319  0.000  0.000  0.000  0.000  0.000  0.000  0.000  0.000  0.000]
 [ 0.000  0.000  0.000  0.000  0.000  0.000  0.000  55.647  0.000  0.000  0.000  0.000  0.000  0.000  0.000  0.000]
 [ 0.000  0.000  0.000  0.000  0.000  0.000  0.000  0.000  2.763  0.000  0.000  0.000  0.000  0.000  0.000  0.000]
 [ 0.000  0.000  0.000  0.000  0.000  0.000  0.000  0.000  0.000  7.398  0.000  0.000  0.000  0.000  0.000  0.000]
 [ 0.000  0.000  0.000  0.000  0.000  0.000  0.000  0.000  0.000  0.000 -42.874  0.000  0.000  0.000  0.000  0.000]
 [ 0.000  0.000  0.000  0.000  0.000  0.000  0.000  0.000  0.000  0.000  0.000  55.448  0.000  0.000  0.000  0.000]
 [ 0.000  0.000  0.000  0.000  0.000  0.000  0.000  0.000  0.000  0.000  0.000  0.000 -2.183  0.000  0.000  0.000]
 [ 0.000  0.000  0.000  0.000  0.000  0.000  0.000  0.000  0.000  0.000  0.000  0.000  0.000  3.308  0.000  0.000]
 [ 0.000  0.000  0.000  0.000  0.000  0.000  0.000  0.000  0.000  0.000  0.000  0.000  0.000  0.000 -42.319  0.000]
 [ 0.000  0.000  0.000  0.000  0.000  0.000  0.000  0.000  0.000  0.000  0.000  0.000  0.000  0.000  0.000  55.647]]"
6.0,"[[ 3.258  0.000  0.000  0.000  0.000  0.000  0.000  0.000  0.000  0.000  0.000  0.000  0.000  0.000  0.000  0.000]
 [ 0.000  7.807  0.000  0.000  0.000  0.000  0.000  0.000  0.000  0.000  0.000  0.000  0.000  0.000  0.000  0.000]
 [ 0.000  0.000 -42.945  0.000  0.000  0.000  0.000  0.000  0.000  0.000  0.000  0.000  0.000  0.000  0.000  0.000]
 [ 0.000  0.000  0.000  55.443  0.000  0.000  0.000  0.000  0.000  0.000  0.000  0.000  0.000  0.000  0.000  0.000]
 [ 0.000  0.000  0.000  0.000 -2.677  0.000  0.000  0.000  0.000  0.000  0.000  0.000  0.000  0.000  0.000  0.000]
 [ 0.000  0.000  0.000  0.000  0.000  2.900  0.000  0.000  0.000  0.000  0.000  0.000  0.000  0.000  0.000  0.000]
 [ 0.000  0.000  0.000  0.000  0.000  0.000 -42.279  0.000  0.000  0.000  0.000  0.000  0.000  0.000  0.000  0.000]
 [ 0.000  0.000  0.000  0.000  0.000  0.000  0.000  55.682  0.000  0.000  0.000  0.000  0.000  0.000  0.000  0.000]
 [ 0.000  0.000  0.000  0.000  0.000  0.000  0.000  0.000  3.258  0.000  0.000  0.000  0.000  0.000  0.000  0.000]
 [ 0.000  0.000  0.000  0.000  0.000  0.000  0.000  0.000  0.000  7.807  0.000  0.000  0.000  0.000  0.000  0.000]
 [ 0.000  0.000  0.000  0.000  0.000  0.000  0.000  0.000  0.000  0.000 -42.945  0.000  0.000  0.000  0.000  0.000]
 [ 0.000  0.000  0.000  0.000  0.000  0.000  0.000  0.000  0.000  0.000  0.000  55.443  0.000  0.000  0.000  0.000]
 [ 0.000  0.000  0.000  0.000  0.000  0.000  0.000  0.000  0.000  0.000  0.000  0.000 -2.677  0.000  0.000  0.000]
 [ 0.000  0.000  0.000  0.000  0.000  0.000  0.000  0.000  0.000  0.000  0.000  0.000  0.000  2.900  0.000  0.000]
 [ 0.000  0.000  0.000  0.000  0.000  0.000  0.000  0.000  0.000  0.000  0.000  0.000  0.000  0.000 -42.279  0.000]
 [ 0.000  0.000  0.000  0.000  0.000  0.000  0.000  0.000  0.000  0.000  0.000  0.000  0.000  0.000  0.000  55.682]]"
7.0,"[[ 3.753  0.000  0.000  0.000  0.000  0.000  0.000  0.000  0.000  0.000  0.000  0.000  0.000  0.000  0.000  0.000]
 [ 0.000  8.216  0.000  0.000  0.000  0.000  0.000  0.000  0.000  0.000  0.000  0.000  0.000  0.000  0.000  0.000]
 [ 0.000  0.000 -43.018  0.000  0.000  0.000  0.000  0.000  0.000  0.000  0.000  0.000  0.000  0.000  0.000  0.000]
 [ 0.000  0.000  0.000  55.441  0.000  0.000  0.000  0.000  0.000  0.000  0.000  0.000  0.000  0.000  0.000  0.000]
 [ 0.000  0.000  0.000  0.000 -3.171  0.000  0.000  0.000  0.000  0.000  0.000  0.000  0.000  0.000  0.000  0.000]
 [ 0.000  0.000  0.000  0.000  0.000  2.491  0.000  0.000  0.000  0.000  0.000  0.000  0.000  0.000  0.000  0.000]
 [ 0.000  0.000  0.000  0.000  0.000  0.000 -42.241  0.000  0.000  0.000  0.000  0.000  0.000  0.000  0.000  0.000]
 [ 0.000  0.000  0.000  0.000  0.000  0.000  0.000  55.721  0.000  0.000  0.000  0.000  0.000  0.000  0.000  0.000]
 [ 0.000  0.000  0.000  0.000  0.000  0.000  0.000  0.000  3.753  0.000  0.000  0.000  0.000  0.000  0.000  0.000]
 [ 0.000  0.000  0.000  0.000  0.000  0.000  0.000  0.000  0.000  8.216  0.000  0.000  0.000  0.000  0.000  0.000]
 [ 0.000  0.000  0.000  0.000  0.000  0.000  0.000  0.000  0.000  0.000 -43.018  0.000  0.000  0.000  0.000  0.000]
 [ 0.000  0.000  0.000  0.000  0.000  0.000  0.000  0.000  0.000  0.000  0.000  55.441  0.000  0.000  0.000  0.000]
 [ 0.000  0.000  0.000  0.000  0.000  0.000  0.000  0.000  0.000  0.000  0.000  0.000 -3.171  0.000  0.000  0.000]
 [ 0.000  0.000  0.000  0.000  0.000  0.000  0.000  0.000  0.000  0.000  0.000  0.000  0.000  2.491  0.000  0.000]
 [ 0.000  0.000  0.000  0.000  0.000  0.000  0.000  0.000  0.000  0.000  0.000  0.000  0.000  0.000 -42.241  0.000]
 [ 0.000  0.000  0.000  0.000  0.000  0.000  0.000  0.000  0.000  0.000  0.000  0.000  0.000  0.000  0.000  55.721]]"
8.0,"[[ 4.248  0.000  0.000  0.000  0.000  0.000  0.000  0.000  0.000  0.000  0.000  0.000  0.000  0.000  0.000  0.000]
 [ 0.000  8.625  0.000  0.000  0.000  0.000  0.000  0.000  0.000  0.000  0.000  0.000  0.000  0.000  0.000  0.000]
 [ 0.000  0.000 -43.095  0.000  0.000  0.000  0.000  0.000  0.000  0.000  0.000  0.000  0.000  0.000  0.000  0.000]
 [ 0.000  0.000  0.000  55.442  0.000  0.000  0.000  0.000  0.000  0.000  0.000  0.000  0.000  0.000  0.000  0.000]
 [ 0.000  0.000  0.000  0.000 -3.666  0.000  0.000  0.000  0.000  0.000  0.000  0.000  0.000  0.000  0.000  0.000]
 [ 0.000  0.000  0.000  0.000  0.000  2.082  0.000  0.000  0.000  0.000  0.000  0.000  0.000  0.000  0.000  0.000]
 [ 0.000  0.000  0.000  0.000  0.000  0.000 -42.207  0.000  0.000  0.000  0.000  0.000  0.000  0.000  0.000  0.000]
 [ 0.000  0.000  0.000  0.000  0.000  0.000  0.000  55.762  0.000  0.000  0.000  0.000  0.000  0.000  0.000  0.000]
 [ 0.000  0.000  0.000  0.000  0.000  0.000  0.000  0.000  4.248  0.000  0.000  0.000  0.000  0.000  0.000  0.000]
 [ 0.000  0.000  0.000  0.000  0.000  0.000  0.000  0.000  0.000  8.625  0.000  0.000  0.000  0.000  0.000  0.000]
 [ 0.000  0.000  0.000  0.000  0.000  0.000  0.000  0.000  0.000  0.000 -43.095  0.000  0.000  0.000  0.000  0.000]
 [ 0.000  0.000  0.000  0.000  0.000  0.000  0.000  0.000  0.000  0.000  0.000  55.442  0.000  0.000  0.000  0.000]
 [ 0.000  0.000  0.000  0.000  0.000  0.000  0.000  0.000  0.000  0.000  0.000  0.000 -3.666  0.000  0.000  0.000]
 [ 0.000  0.000  0.000  0.000  0.000  0.000  0.000  0.000  0.000  0.000  0.000  0.000  0.000  2.082  0.000  0.000]
 [ 0.000  0.000  0.000  0.000  0.000  0.000  0.000  0.000  0.000  0.000  0.000  0.000  0.000  0.000 -42.207  0.000]
 [ 0.000  0.000  0.000  0.000  0.000  0.000  0.000  0.000  0.000  0.000  0.000  0.000  0.000  0.000  0.000  55.762]]"
9.0,"[[ 4.742  0.000  0.000  0.000  0.000  0.000  0.000  0.000  0.000  0.000  0.000  0.000  0.000  0.000  0.000  0.000]
 [ 0.000  9.034  0.000  0.000  0.000  0.000  0.000  0.000  0.000  0.000  0.000  0.000  0.000  0.000  0.000  0.000]
 [ 0.000  0.000 -43.174  0.000  0.000  0.000  0.000  0.000  0.000  0.000  0.000  0.000  0.000  0.000  0.000  0.000]
 [ 0.000  0.000  0.000  55.446  0.000  0.000  0.000  0.000  0.000  0.000  0.000  0.000  0.000  0.000  0.000  0.000]
 [ 0.000  0.000  0.000  0.000 -4.160  0.000  0.000  0.000  0.000  0.000  0.000  0.000  0.000  0.000  0.000  0.000]
 [ 0.000  0.000  0.000  0.000  0.000  1.673  0.000  0.000  0.000  0.000  0.000  0.000  0.000  0.000  0.000  0.000]
 [ 0.000  0.000  0.000  0.000  0.000  0.000 -42.175  0.000  0.000  0.000  0.000  0.000  0.000  0.000  0.000  0.000]
 [ 0.000  0.000  0.000  0.000  0.000  0.000  0.000  55.806  0.000  0.000  0.000  0.000  0.000  0.000  0.000  0.000]
 [ 0.000  0.000  0.000  0.000  0.000  0.000  0.000  0.000  4.742  0.000  0.000  0.000  0.000  0.000  0.000  0.000]
 [ 0.000  0.000  0.000  0.000  0.000  0.000  0.000  0.000  0.000  9.034  0.000  0.000  0.000  0.000  0.000  0.000]
 [ 0.000  0.000  0.000  0.000  0.000  0.000  0.000  0.000  0.000  0.000 -43.174  0.000  0.000  0.000  0.000  0.000]
 [ 0.000  0.000  0.000  0.000  0.000  0.000  0.000  0.000  0.000  0.000  0.000  55.446  0.000  0.000  0.000  0.000]
 [ 0.000  0.000  0.000  0.000  0.000  0.000  0.000  0.000  0.000  0.000  0.000  0.000 -4.160  0.000  0.000  0.000]
 [ 0.000  0.000  0.000  0.000  0.000  0.000  0.000  0.000  0.000  0.000  0.000  0.000  0.000  1.673  0.000  0.000]
 [ 0.000  0.000  0.000  0.000  0.000  0.000  0.000  0.000  0.000  0.000  0.000  0.000  0.000  0.000 -42.175  0.000]
 [ 0.000  0.000  0.000  0.000  0.000  0.000  0.000  0.000  0.000  0.000  0.000  0.000  0.000  0.000  0.000  55.806]]"
10.0,"[[ 5.237  0.000  0.000  0.000  0.000  0.000  0.000  0.000  0.000  0.000  0.000  0.000  0.000  0.000  0.000  0.000]
 [ 0.000  9.443  0.000  0.000  0.000  0.000  0.000  0.000  0.000  0.000  0.000  0.000  0.000  0.000  0.000  0.000]
 [ 0.000  0.000 -43.256  0.000  0.000  0.000  0.000  0.000  0.000  0.000  0.000  0.000  0.000  0.000  0.000  0.000]
 [ 0.000  0.000  0.000  55.453  0.000  0.000  0.000  0.000  0.000  0.000  0.000  0.000  0.000  0.000  0.000  0.000]
 [ 0.000  0.000  0.000  0.000 -4.654  0.000  0.000  0.000  0.000  0.000  0.000  0.000  0.000  0.000  0.000  0.000]
 [ 0.000  0.000  0.000  0.000  0.000  1.265  0.000  0.000  0.000  0.000  0.000  0.000  0.000  0.000  0.000  0.000]
 [ 0.000  0.000  0.000  0.000  0.000  0.000 -42.147  0.000  0.000  0.000  0.000  0.000  0.000  0.000  0.000  0.000]
 [ 0.000  0.000  0.000  0.000  0.000  0.000  0.000  55.852  0.000  0.000  0.000  0.000  0.000  0.000  0.000  0.000]
 [ 0.000  0.000  0.000  0.000  0.000  0.000  0.000  0.000  5.237  0.000  0.000  0.000  0.000  0.000  0.000  0.000]
 [ 0.000  0.000  0.000  0.000  0.000  0.000  0.000  0.000  0.000  9.443  0.000  0.000  0.000  0.000  0.000  0.000]
 [ 0.000  0.000  0.000  0.000  0.000  0.000  0.000  0.000  0.000  0.000 -43.256  0.000  0.000  0.000  0.000  0.000]
 [ 0.000  0.000  0.000  0.000  0.000  0.000  0.000  0.000  0.000  0.000  0.000  55.453  0.000  0.000  0.000  0.000]
 [ 0.000  0.000  0.000  0.000  0.000  0.000  0.000  0.000  0.000  0.000  0.000  0.000 -4.654  0.000  0.000  0.000]
 [ 0.000  0.000  0.000  0.000  0.000  0.000  0.000  0.000  0.000  0.000  0.000  0.000  0.000  1.265  0.000  0.000]
 [ 0.000  0.000  0.000  0.000  0.000  0.000  0.000  0.000  0.000  0.000  0.000  0.000  0.000  0.000 -42.147  0.000]
 [ 0.000  0.000  0.000  0.000  0.000  0.000  0.000  0.000  0.000  0.000  0.000  0.000  0.000  0.000  0.000  55.852]]"
11.0,"[[ 5.732  0.000  0.000  0.000  0.000  0.000  0.000  0.000  0.000  0.000  0.000  0.000  0.000  0.000  0.000  0.000]
 [ 0.000  9.852  0.000  0.000  0.000  0.000  0.000  0.000  0.000  0.000  0.000  0.000  0.000  0.000  0.000  0.000]
 [ 0.000  0.000 -43.341  0.000  0.000  0.000  0.000  0.000  0.000  0.000  0.000  0.000  0.000  0.000  0.000  0.000]
 [ 0.000  0.000  0.000  55.462  0.000  0.000  0.000  0.000  0.000  0.000  0.000  0.000  0.000  0.000  0.000  0.000]
 [ 0.000  0.000  0.000  0.000 -5.148  0.000  0.000  0.000  0.000  0.000  0.000  0.000  0.000  0.000  0.000  0.000]
 [ 0.000  0.000  0.000  0.000  0.000  0.856  0.000  0.000  0.000  0.000  0.000  0.000  0.000  0.000  0.000  0.000]
 [ 0.000  0.000  0.000  0.000  0.000  0.000 -42.121  0.000  0.000  0.000  0.000  0.000  0.000  0.000  0.000  0.000]
 [ 0.000  0.000  0.000  0.000  0.000  0.000  0.000  55.902  0.000  0.000  0.000  0.000  0.000  0.000  0.000  0.000]
 [ 0.000  0.000  0.000  0.000  0.000  0.000  0.000  0.000  5.732  0.000  0.000  0.000  0.000  0.000  0.000  0.000]
 [ 0.000  0.000  0.000  0.000  0.000  0.000  0.000  0.000  0.000  9.852  0.000  0.000  0.000  0.000  0.000  0.000]
 [ 0.000  0.000  0.000  0.000  0.000  0.000  0.000  0.000  0.000  0.000 -43.341  0.000  0.000  0.000  0.000  0.000]
 [ 0.000  0.000  0.000  0.000  0.000  0.000  0.000  0.000  0.000  0.000  0.000  55.462  0.000  0.000  0.000  0.000]
 [ 0.000  0.000  0.000  0.000  0.000  0.000  0.000  0.000  0.000  0.000  0.000  0.000 -5.148  0.000  0.000  0.000]
 [ 0.000  0.000  0.000  0.000  0.000  0.000  0.000  0.000  0.000  0.000  0.000  0.000  0.000  0.856  0.000  0.000]
 [ 0.000  0.000  0.000  0.000  0.000  0.000  0.000  0.000  0.000  0.000  0.000  0.000  0.000  0.000 -42.121  0.000]
 [ 0.000  0.000  0.000  0.000  0.000  0.000  0.000  0.000  0.000  0.000  0.000  0.000  0.000  0.000  0.000  55.902]]"
12.0,"[[ 6.227  0.000  0.000  0.000  0.000  0.000  0.000  0.000  0.000  0.000  0.000  0.000  0.000  0.000  0.000  0.000]
 [ 0.000  10.261  0.000  0.000  0.000  0.000  0.000  0.000  0.000  0.000  0.000  0.000  0.000  0.000  0.000  0.000]
 [ 0.000  0.000 -43.428  0.000  0.000  0.000  0.000  0.000  0.000  0.000  0.000  0.000  0.000  0.000  0.000  0.000]
 [ 0.000  0.000  0.000  55.474  0.000  0.000  0.000  0.000  0.000  0.000  0.000  0.000  0.000  0.000  0.000  0.000]
 [ 0.000  0.000  0.000  0.000 -5.642  0.000  0.000  0.000  0.000  0.000  0.000  0.000  0.000  0.000  0.000  0.000]
 [ 0.000  0.000  0.000  0.000  0.000  0.447  0.000  0.000  0.000  0.000  0.000  0.000  0.000  0.000  0.000  0.000]
 [ 0.000  0.000  0.000  0.000  0.000  0.000 -42.097  0.000  0.000  0.000  0.000  0.000  0.000  0.000  0.000  0.000]
 [ 0.000  0.000  0.000  0.000  0.000  0.000  0.000  55.954  0.000  0.000  0.000  0.000  0.000  0.000  0.000  0.000]
 [ 0.000  0.000  0.000  0.000  0.000  0.000  0.000  0.000  6.227  0.000  0.000  0.000  0.000  0.000  0.000  0.000]
 [ 0.000  0.000  0.000  0.000  0.000  0.000  0.000  0.000  0.000  10.261  0.000  0.000  0.000  0.000  0.000  0.000]
 [ 0.000  0.000  0.000  0.000  0.000  0.000  0.000  0.000  0.000  0.000 -43.428  0.000  0.000  0.000  0.000  0.000]
 [ 0.000  0.000  0.000  0.000  0.000  0.000  0.000  0.000  0.000  0.000  0.000  55.474  0.000  0.000  0.000  0.000]
 [ 0.000  0.000  0.000  0.000  0.000  0.000  0.000  0.000  0.000  0.000  0.000  0.000 -5.642  0.000  0.000  0.000]
 [ 0.000  0.000  0.000  0.000  0.000  0.000  0.000  0.000  0.000  0.000  0.000  0.000  0.000  0.447  0.000  0.000]
 [ 0.000  0.000  0.000  0.000  0.000  0.000  0.000  0.000  0.000  0.000  0.000  0.000  0.000  0.000 -42.097  0.000]
 [ 0.000  0.000  0.000  0.000  0.000  0.000  0.000  0.000  0.000  0.000  0.000  0.000  0.000  0.000  0.000  55.954]]"
13.0,"[[ 6.722  0.000  0.000  0.000  0.000  0.000  0.000  0.000  0.000  0.000  0.000  0.000  0.000  0.000  0.000  0.000]
 [ 0.000  10.670  0.000  0.000  0.000  0.000  0.000  0.000  0.000  0.000  0.000  0.000  0.000  0.000  0.000  0.000]
 [ 0.000  0.000 -43.518  0.000  0.000  0.000  0.000  0.000  0.000  0.000  0.000  0.000  0.000  0.000  0.000  0.000]
 [ 0.000  0.000  0.000  55.489  0.000  0.000  0.000  0.000  0.000  0.000  0.000  0.000  0.000  0.000  0.000  0.000]
 [ 0.000  0.000  0.000  0.000 -6.136  0.000  0.000  0.000  0.000  0.000  0.000  0.000  0.000  0.000  0.000  0.000]
 [ 0.000  0.000  0.000  0.000  0.000  0.038  0.000  0.000  0.000  0.000  0.000  0.000  0.000  0.000  0.000  0.000]
 [ 0.000  0.000  0.000  0.000  0.000  0.000 -42.077  0.000  0.000  0.000  0.000  0.000  0.000  0.000  0.000  0.000]
 [ 0.000  0.000  0.000  0.000  0.000  0.000  0.000  56.009  0.000  0.000  0.000  0.000  0.000  0.000  0.000  0.000]
 [ 0.000  0.000  0.000  0.000  0.000  0.000  0.000  0.000  6.722  0.000  0.000  0.000  0.000  0.000  0.000  0.000]
 [ 0.000  0.000  0.000  0.000  0.000  0.000  0.000  0.000  0.000  10.670  0.000  0.000  0.000  0.000  0.000  0.000]
 [ 0.000  0.000  0.000  0.000  0.000  0.000  0.000  0.000  0.000  0.000 -43.518  0.000  0.000  0.000  0.000  0.000]
 [ 0.000  0.000  0.000  0.000  0.000  0.000  0.000  0.000  0.000  0.000  0.000  55.489  0.000  0.000  0.000  0.000]
 [ 0.000  0.000  0.000  0.000  0.000  0.000  0.000  0.000  0.000  0.000  0.000  0.000 -6.136  0.000  0.000  0.000]
 [ 0.000  0.000  0.000  0.000  0.000  0.000  0.000  0.000  0.000  0.000  0.000  0.000  0.000  0.038  0.000  0.000]
 [ 0.000  0.000  0.000  0.000  0.000  0.000  0.000  0.000  0.000  0.000  0.000  0.000  0.000  0.000 -42.077  0.000]
 [ 0.000  0.000  0.000  0.000  0.000  0.000  0.000  0.000  0.000  0.000  0.000  0.000  0.000  0.000  0.000  56.009]]"
14.0,"[[ 7.217  0.000  0.000  0.000  0.000  0.000  0.000  0.000  0.000  0.000  0.000  0.000  0.000  0.000  0.000  0.000]
 [ 0.000  11.079  0.000  0.000  0.000  0.000  0.000  0.000  0.000  0.000  0.000  0.000  0.000  0.000  0.000  0.000]
 [ 0.000  0.000 -43.611  0.000  0.000  0.000  0.000  0.000  0.000  0.000  0.000  0.000  0.000  0.000  0.000  0.000]
 [ 0.000  0.000  0.000  55.507  0.000  0.000  0.000  0.000  0.000  0.000  0.000  0.000  0.000  0.000  0.000  0.000]
 [ 0.000  0.000  0.000  0.000 -6.630  0.000  0.000  0.000  0.000  0.000  0.000  0.000  0.000  0.000  0.000  0.000]
 [ 0.000  0.000  0.000  0.000  0.000 -0.370  0.000  0.000  0.000  0.000  0.000  0.000  0.000  0.000  0.000  0.000]
 [ 0.000  0.000  0.000  0.000  0.000  0.000 -42.060  0.000  0.000  0.000  0.000  0.000  0.000  0.000  0.000  0.000]
 [ 0.000  0.000  0.000  0.000  0.000  0.000  0.000  56.067  0.000  0.000  0.000  0.000  0.000  0.000  0.000  0.000]
 [ 0.000  0.000  0.000  0.000  0.000  0.000  0.000  0.000  7.217  0.000  0.000  0.000  0.000  0.000  0.000  0.000]
 [ 0.000  0.000  0.000  0.000  0.000  0.000  0.000  0.000  0.000  11.079  0.000  0.000  0.000  0.000  0.000  0.000]
 [ 0.000  0.000  0.000  0.000  0.000  0.000  0.000  0.000  0.000  0.000 -43.611  0.000  0.000  0.000  0.000  0.000]
 [ 0.000  0.000  0.000  0.000  0.000  0.000  0.000  0.000  0.000  0.000  0.000  55.507  0.000  0.000  0.000  0.000]
 [ 0.000  0.000  0.000  0.000  0.000  0.000  0.000  0.000  0.000  0.000  0.000  0.000 -6.630  0.000  0.000  0.000]
 [ 0.000  0.000  0.000  0.000  0.000  0.000  0.000  0.000  0.000  0.000  0.000  0.000  0.000 -0.370  0.000  0.000]
 [ 0.000  0.000  0.000  0.000  0.000  0.000  0.000  0.000  0.000  0.000  0.000  0.000  0.000  0.000 -42.060  0.000]
 [ 0.000  0.000  0.000  0.000  0.000  0.000  0.000  0.000  0.000  0.000  0.000  0.000  0.000  0.000  0.000  56.067]]"
15.0,"[[ 7.712  0.000  0.000  0.000  0.000  0.000  0.000  0.000  0.000  0.000  0.000  0.000  0.000  0.000  0.000  0.000]
 [ 0.000  11.488  0.000  0.000  0.000  0.000  0.000  0.000  0.000  0.000  0.000  0.000  0.000  0.000  0.000  0.000]
 [ 0.000  0.000 -43.707  0.000  0.000  0.000  0.000  0.000  0.000  0.000  0.000  0.000  0.000  0.000  0.000  0.000]
 [ 0.000  0.000  0.000  55.527  0.000  0.000  0.000  0.000  0.000  0.000  0.000  0.000  0.000  0.000  0.000  0.000]
 [ 0.000  0.000  0.000  0.000 -7.124  0.000  0.000  0.000  0.000  0.000  0.000  0.000  0.000  0.000  0.000  0.000]
 [ 0.000  0.000  0.000  0.000  0.000 -0.779  0.000  0.000  0.000  0.000  0.000  0.000  0.000  0.000  0.000  0.000]
 [ 0.000  0.000  0.000  0.000  0.000  0.000 -42.045  0.000  0.000  0.000  0.000  0.000  0.000  0.000  0.000  0.000]
 [ 0.000  0.000  0.000  0.000  0.000  0.000  0.000  56.128  0.000  0.000  0.000  0.000  0.000  0.000  0.000  0.000]
 [ 0.000  0.000  0.000  0.000  0.000  0.000  0.000  0.000  7.712  0.000  0.000  0.000  0.000  0.000  0.000  0.000]
 [ 0.000  0.000  0.000  0.000  0.000  0.000  0.000  0.000  0.000  11.488  0.000  0.000  0.000  0.000  0.000  0.000]
 [ 0.000  0.000  0.000  0.000  0.000  0.000  0.000  0.000  0.000  0.000 -43.707  0.000  0.000  0.000  0.000  0.000]
 [ 0.000  0.000  0.000  0.000  0.000  0.000  0.000  0.000  0.000  0.000  0.000  55.527  0.000  0.000  0.000  0.000]
 [ 0.000  0.000  0.000  0.000  0.000  0.000  0.000  0.000  0.000  0.000  0.000  0.000 -7.124  0.000  0.000  0.000]
 [ 0.000  0.000  0.000  0.000  0.000  0.000  0.000  0.000  0.000  0.000  0.000  0.000  0.000 -0.779  0.000  0.000]
 [ 0.000  0.000  0.000  0.000  0.000  0.000  0.000  0.000  0.000  0.000  0.000  0.000  0.000  0.000 -42.045  0.000]
 [ 0.000  0.000  0.000  0.000  0.000  0.000  0.000  0.000  0.000  0.000  0.000  0.000  0.000  0.000  0.000  56.128]]"
16.0,"[[ 8.207  0.000  0.000  0.000  0.000  0.000  0.000  0.000  0.000  0.000  0.000  0.000  0.000  0.000  0.000  0.000]
 [ 0.000  11.897  0.000  0.000  0.000  0.000  0.000  0.000  0.000  0.000  0.000  0.000  0.000  0.000  0.000  0.000]
 [ 0.000  0.000 -43.805  0.000  0.000  0.000  0.000  0.000  0.000  0.000  0.000  0.000  0.000  0.000  0.000  0.000]
 [ 0.000  0.000  0.000  55.550  0.000  0.000  0.000  0.000  0.000  0.000  0.000  0.000  0.000  0.000  0.000  0.000]
 [ 0.000  0.000  0.000  0.000 -7.618  0.000  0.000  0.000  0.000  0.000  0.000  0.000  0.000  0.000  0.000  0.000]
 [ 0.000  0.000  0.000  0.000  0.000 -1.188  0.000  0.000  0.000  0.000  0.000  0.000  0.000  0.000  0.000  0.000]
 [ 0.000  0.000  0.000  0.000  0.000  0.000 -42.033  0.000  0.000  0.000  0.000  0.000  0.000  0.000  0.000  0.000]
 [ 0.000  0.000  0.000  0.000  0.000  0.000  0.000  56.192  0.000  0.000  0.000  0.000  0.000  0.000  0.000  0.000]
 [ 0.000  0.000  0.000  0.000  0.000  0.000  0.000  0.000  8.207  0.000  0.000  0.000  0.000  0.000  0.000  0.000]
 [ 0.000  0.000  0.000  0.000  0.000  0.000  0.000  0.000  0.000  11.897  0.000  0.000  0.000  0.000  0.000  0.000]
 [ 0.000  0.000  0.000  0.000  0.000  0.000  0.000  0.000  0.000  0.000 -43.805  0.000  0.000  0.000  0.000  0.000]
 [ 0.000  0.000  0.000  0.000  0.000  0.000  0.000  0.000  0.000  0.000  0.000  55.550  0.000  0.000  0.000  0.000]
 [ 0.000  0.000  0.000  0.000  0.000  0.000  0.000  0.000  0.000  0.000  0.000  0.000 -7.618  0.000  0.000  0.000]
 [ 0.000  0.000  0.000  0.000  0.000  0.000  0.000  0.000  0.000  0.000  0.000  0.000  0.000 -1.188  0.000  0.000]
 [ 0.000  0.000  0.000  0.000  0.000  0.000  0.000  0.000  0.000  0.000  0.000  0.000  0.000  0.000 -42.033  0.000]
 [ 0.000  0.000  0.000  0.000  0.000  0.000  0.000  0.000  0.000  0.000  0.000  0.000  0.000  0.000  0.000  56.192]]"
17.0,"[[ 8.702  0.000  0.000  0.000  0.000  0.000  0.000  0.000  0.000  0.000  0.000  0.000  0.000  0.000  0.000  0.000]
 [ 0.000  12.307  0.000  0.000  0.000  0.000  0.000  0.000  0.000  0.000  0.000  0.000  0.000  0.000  0.000  0.000]
 [ 0.000  0.000 -43.906  0.000  0.000  0.000  0.000  0.000  0.000  0.000  0.000  0.000  0.000  0.000  0.000  0.000]
 [ 0.000  0.000  0.000  55.576  0.000  0.000  0.000  0.000  0.000  0.000  0.000  0.000  0.000  0.000  0.000  0.000]
 [ 0.000  0.000  0.000  0.000 -8.112  0.000  0.000  0.000  0.000  0.000  0.000  0.000  0.000  0.000  0.000  0.000]
 [ 0.000  0.000  0.000  0.000  0.000 -1.596  0.000  0.000  0.000  0.000  0.000  0.000  0.000  0.000  0.000  0.000]
 [ 0.000  0.000  0.000  0.000  0.000  0.000 -42.024  0.000  0.000  0.000  0.000  0.000  0.000  0.000  0.000  0.000]
 [ 0.000  0.000  0.000  0.000  0.000  0.000  0.000  56.258  0.000  0.000  0.000  0.000  0.000  0.000  0.000  0.000]
 [ 0.000  0.000  0.000  0.000  0.000  0.000  0.000  0.000  8.702  0.000  0.000  0.000  0.000  0.000  0.000  0.000]
 [ 0.000  0.000  0.000  0.000  0.000  0.000  0.000  0.000  0.000  12.307  0.000  0.000  0.000  0.000  0.000  0.000]
 [ 0.000  0.000  0.000  0.000  0.000  0.000  0.000  0.000  0.000  0.000 -43.906  0.000  0.000  0.000  0.000  0.000]
 [ 0.000  0.000  0.000  0.000  0.000  0.000  0.000  0.000  0.000  0.000  0.000  55.576  0.000  0.000  0.000  0.000]
 [ 0.000  0.000  0.000  0.000  0.000  0.000  0.000  0.000  0.000  0.000  0.000  0.000 -8.112  0.000  0.000  0.000]
 [ 0.000  0.000  0.000  0.000  0.000  0.000  0.000  0.000  0.000  0.000  0.000  0.000  0.000 -1.596  0.000  0.000]
 [ 0.000  0.000  0.000  0.000  0.000  0.000  0.000  0.000  0.000  0.000  0.000  0.000  0.000  0.000 -42.024  0.000]
 [ 0.000  0.000  0.000  0.000  0.000  0.000  0.000  0.000  0.000  0.000  0.000  0.000  0.000  0.000  0.000  56.258]]"
18.0,"[[ 9.197  0.000  0.000  0.000  0.000  0.000  0.000  0.000  0.000  0.000  0.000  0.000  0.000  0.000  0.000  0.000]
 [ 0.000  12.716  0.000  0.000  0.000  0.000  0.000  0.000  0.000  0.000  0.000  0.000  0.000  0.000  0.000  0.000]
 [ 0.000  0.000 -44.010  0.000  0.000  0.000  0.000  0.000  0.000  0.000  0.000  0.000  0.000  0.000  0.000  0.000]
 [ 0.000  0.000  0.000  55.605  0.000  0.000  0.000  0.000  0.000  0.000  0.000  0.000  0.000  0.000  0.000  0.000]
 [ 0.000  0.000  0.000  0.000 -8.605  0.000  0.000  0.000  0.000  0.000  0.000  0.000  0.000  0.000  0.000  0.000]
 [ 0.000  0.000  0.000  0.000  0.000 -2.005  0.000  0.000  0.000  0.000  0.000  0.000  0.000  0.000  0.000  0.000]
 [ 0.000  0.000  0.000  0.000  0.000  0.000 -42.018  0.000  0.000  0.000  0.000  0.000  0.000  0.000  0.000  0.000]
 [ 0.000  0.000  0.000  0.000  0.000  0.000  0.000  56.327  0.000  0.000  0.000  0.000  0.000  0.000  0.000  0.000]
 [ 0.000  0.000  0.000  0.000  0.000  0.000  0.000  0.000  9.197  0.000  0.000  0.000  0.000  0.000  0.000  0.000]
 [ 0.000  0.000  0.000  0.000  0.000  0.000  0.000  0.000  0.000  12.716  0.000  0.000  0.000  0.000  0.000  0.000]
 [ 0.000  0.000  0.000  0.000  0.000  0.000  0.000  0.000  0.000  0.000 -44.010  0.000  0.000  0.000  0.000  0.000]
 [ 0.000  0.000  0.000  0.000  0.000  0.000  0.000  0.000  0.000  0.000  0.000  55.605  0.000  0.000  0.000  0.000]
 [ 0.000  0.000  0.000  0.000  0.000  0.000  0.000  0.000  0.000  0.000  0.000  0.000 -8.605  0.000  0.000  0.000]
 [ 0.000  0.000  0.000  0.000  0.000  0.000  0.000  0.000  0.000  0.000  0.000  0.000  0.000 -2.005  0.000  0.000]
 [ 0.000  0.000  0.000  0.000  0.000  0.000  0.000  0.000  0.000  0.000  0.000  0.000  0.000  0.000 -42.018  0.000]
 [ 0.000  0.000  0.000  0.000  0.000  0.000  0.000  0.000  0.000  0.000  0.000  0.000  0.000  0.000  0.000  56.327]]"
19.0,"[[ 9.692  0.000  0.000  0.000  0.000  0.000  0.000  0.000  0.000  0.000  0.000  0.000  0.000  0.000  0.000  0.000]
 [ 0.000  13.125  0.000  0.000  0.000  0.000  0.000  0.000  0.000  0.000  0.000  0.000  0.000  0.000  0.000  0.000]
 [ 0.000  0.000 -44.116  0.000  0.000  0.000  0.000  0.000  0.000  0.000  0.000  0.000  0.000  0.000  0.000  0.000]
 [ 0.000  0.000  0.000  55.636  0.000  0.000  0.000  0.000  0.000  0.000  0.000  0.000  0.000  0.000  0.000  0.000]
 [ 0.000  0.000  0.000  0.000 -9.099  0.000  0.000  0.000  0.000  0.000  0.000  0.000  0.000  0.000  0.000  0.000]
 [ 0.000  0.000  0.000  0.000  0.000 -2.413  0.000  0.000  0.000  0.000  0.000  0.000  0.000  0.000  0.000  0.000]
 [ 0.000  0.000  0.000  0.000  0.000  0.000 -42.014  0.000  0.000  0.000  0.000  0.000  0.000  0.000  0.000  0.000]
 [ 0.000  0.000  0.000  0.000  0.000  0.000  0.000  56.399  0.000  0.000  0.000  0.000  0.000  0.000  0.000  0.000]
 [ 0.000  0.000  0.000  0.000  0.000  0.000  0.000  0.000  9.692  0.000  0.000  0.000  0.000  0.000  0.000  0.000]
 [ 0.000  0.000  0.000  0.000  0.000  0.000  0.000  0.000  0.000  13.125  0.000  0.000  0.000  0.000  0.000  0.000]
 [ 0.000  0.000  0.000  0.000  0.000  0.000  0.000  0.000  0.000  0.000 -44.116  0.000  0.000  0.000  0.000  0.000]
 [ 0.000  0.000  0.000  0.000  0.000  0.000  0.000  0.000  0.000  0.000  0.000  55.636  0.000  0.000  0.000  0.000]
 [ 0.000  0.000  0.000  0.000  0.000  0.000  0.000  0.000  0.000  0.000  0.000  0.000 -9.099  0.000  0.000  0.000]
 [ 0.000  0.000  0.000  0.000  0.000  0.000  0.000  0.000  0.000  0.000  0.000  0.000  0.000 -2.413  0.000  0.000]
 [ 0.000  0.000  0.000  0.000  0.000  0.000  0.000  0.000  0.000  0.000  0.000  0.000  0.000  0.000 -42.014  0.000]
 [ 0.000  0.000  0.000  0.000  0.000  0.000  0.000  0.000  0.000  0.000  0.000  0.000  0.000  0.000  0.000  56.399]]"
